ID,Xalarl,Yalarl,Zalarl,Xalarr,Yalarr,Zalarr,Xastl,Yastl,Zastl,Xastr,Yastr,Zastr,Xaubl,Yaubl,Zaubl,Xaubr,Yaubr,Zaubr,Xbas,Ybas,Zbas,Xbrg,Ybrg,Zbrg,Xdacl,Ydacl,Zdacl,Xdacr,Ydacr,Zdacr,Xectl,Yectl,Zectl,Xectr,Yectr,Zectr,Xeurl,Yeurl,Zeurl,Xeurr,Yeurr,Zeurr,Xfmal,Yfmal,Zfmal,Xfmar,Yfmar,Zfmar,Xfmtl,Yfmtl,Zfmtl,Xfmtr,Yfmtr,Zfmtr,Xglb,Yglb,Zglb,Xlam,Ylam,Zlam,Xnas,Ynas,Znas,Xnlhil,Ynlhil,Znlhil,Xnlhir,Ynlhir,Znlhir,Xobhi,Yobhi,Zobhi,Xobhs,Yobhs,Zobhs,Xops,Yops,Zops,Xporl,Yporl,Zporl,Xporr,Yporr,Zporr,Xstpl,Ystpl,Zstpl,Xstpr,Ystpr,Zstpr,Xwfbl,Ywfbl,Zwfbl,Xwfbr,Ywfbr,Zwfbr,Xwmhi,Ywmhi,Zwmhi,Xwmhs,Ywmhs,Zwmhs,Xxfbl,Yxfbl,Zxfbl,Xxfbr,Yxfbr,Zxfbr,Xzygool,Yzygool,Zzygool,Xzygoor,Yzygoor,Zzygoor
ID,X1,Y1,Z1,X2,Y2,Z2,X3,Y3,Z3,X4,Y4,Z4,X5,Y5,Z5,X6,Y6,Z6,X7,Y7,Z7,X8,Y8,Z8,X9,Y9,Z9,X10,Y10,Z10,X11,Y11,Z11,X12,Y12,Z12,X13,Y13,Z13,X14,Y14,Z14,X15,Y15,Z15,X16,Y16,Z16,X17,Y17,Z17,X18,Y18,Z18,X19,Y19,Z19,X20,Y20,Z20,X21,Y21,Z21,X22,Y22,Z22,X23,Y23,Z23,X24,Y24,Z24,X25,Y25,Z25,X26,Y26,Z26,X27,Y27,Z27,X28,Y28,Z28,X29,Y29,Z29,X30,Y30,Z30,X31,Y31,Z31,X32,Y32,Z32,X33,Y33,Z33,X34,Y34,Z34,X35,Y35,Z35,X36,Y36,Z36,X37,Y37,Z37,X38,Y38,Z38
YU001,-244.9994,152.962,114.5595,-250.5052,178.9061,111.6255,-110.8956,144.2727,156.4698,-133.7938,247.7634,142.5247,-162.2552,120.0037,145.7733,-188.3625,245.1934,126.3885,-166.0084,181.8941,113.5624,-201.571,193.6286,247.6677,-245.108,159.1734,145.6411,-249.4098,181.2796,143.3317,-226.7823,123.4078,142.7673,-246.8925,218.9921,129.3235,-155.162,122.205,207.2601,-170.7283,268.3579,178.7885,-230.1888,123.9481,155.4179,-250.2758,220.4725,141.3503,-225.2484,123.3493,159.9422,-245.5645,224.3193,144.9371,-258.7962,170.1933,162.9009,-83.1446,212.5105,206.7214,-254.4189,170.7285,153.8487,-243.0891,159.1366,101.3224,-245.0252,170.0336,100.0293,-236.7668,142.0734,127.4101,-241.8278,134.8237,163.4808,-129.6955,188.5749,112.1695,-154.2877,126.2346,143.338,-180.3805,241.631,125.218,-201.2101,128.5871,208.7538,-225.5533,244.9364,192.6286,-234.2075,129.9174,176.4927,-252.5573,219.8316,162.8835,-219.015,129.9206,113.5053,-232.7788,131.6466,128.2932,-202.9718,125.2651,196.8053,-229.6743,241.1564,175.2186,-235.8112,138.3196,126.6744,-248.3158,198.3759,117.9072
YU002,-246.605,150.5193,103.9172,-247.5068,165.3168,88.1261,-112.9927,139.0331,158.7724,-135.1878,247.2754,142.4329,-160.7693,119.7269,144.9477,-186.0383,244.0816,125.5755,-164.5376,178.8145,107.2293,-205.5403,192.3828,242.16,-247.5129,158.794,140.8806,-250.3439,179.7809,136.2481,-232.6745,120.3047,141.1873,-248.9818,216.6828,124.1813,-154.5997,116.5316,184.9573,-182.8323,260.7036,161.6566,-236.1586,122.699,153.1679,-251.9915,218.7362,137.7897,-234.0481,119.4663,159.8955,-252.8892,222.7311,142.6884,-262.981,167.4131,156.3401,-94.7533,200.9025,211.2837,-260.2493,168.2048,149.206,-251.0611,175.3606,99.1021,-246.7627,156.5084,89.754,-240.566,140.0496,124.6119,-246.4353,132.705,159.3922,-126.3606,184.8562,114.0661,-157.4464,124.5105,141.3584,-179.9192,238.6502,122.6136,-209.9893,126.2448,210.0234,-230.6372,241.6557,194.1374,-240.2852,124.7261,171.4712,-257.7826,219.1387,156.0573,-227.9135,123.4447,105.9006,-238.2889,127.0225,127.6496,-212.373,118.2552,191.031,-233.5667,241.1891,171.4035,-241.1221,143.4726,124.7766,-249.6509,189.7004,116.5305
YU003,-257.1175,158.5252,107.7421,-259.8649,183.5315,102.0014,-131.2954,141.604,145.4933,-132.9248,243.3221,131.9421,-176.8849,131.573,139.6508,-194.7003,239.984,120.2055,-178.1482,184.3448,111.21,-207.9233,202.5841,240.9481,-258.5928,168.3265,141.3327,-259.4778,186.9517,137.1508,-246.2329,131.3537,144.8017,-254.8859,224.5744,128.6411,-154.5277,131.1244,198.5456,-164.0483,269.0923,174.6246,-248.2198,134.4144,157.0445,-257.1943,225.5168,142.4506,-243.5543,133.3602,161.9134,-253.4439,228.8271,145.7863,-271.2958,179.6902,162.4953,-108.228,211.8906,205.0318,-266.4753,178.3617,145.9921,-256.3614,163.5742,101.0726,-257.1797,178.7215,99.5119,-256.4023,147.655,127.8806,-257.388,144.4843,162.8723,-144.3654,187.8629,109.3375,-173.0287,133.2247,138.3139,-187.2528,240.3998,120.9543,-219.2063,141.63,202.8744,-230.7413,243.5543,183.2784,-248.7963,140.2033,175.3026,-256.811,226.7374,157.9742,-241.4755,130.4206,112.1327,-253.5631,135.4821,131.4192,-222.245,138.5245,196.7771,-232.3212,243.4133,177.4394,-255.8282,144.5881,127.6685,-262.0569,202.7379,118.4338
YU004,-261.7389,153.9654,113.7629,-266.4803,177.5188,109.1698,-132.7886,139.9471,151.7717,-146.4708,246.0479,126.2672,-188.103,120.8561,141.4635,-203.5578,242.3035,122.2524,-186.2022,179.8341,107.4903,-209.7344,194.4969,240.8812,-260.578,165.324,148.8889,-263.7461,182.9334,146.6258,-247.2867,127.1379,147.2781,-260.4036,220.3737,130.5847,-165.6987,121.1236,183.6712,-186.5123,262.0212,162.3537,-249.3715,129.2586,159.1853,-260.5694,222.9233,143.4526,-244.1764,126.8209,164.0279,-256.9933,226.972,148.4841,-271.0873,176.7396,167.5075,-113.497,205.194,197.8257,-270.4889,175.4538,155.6468,-262.3061,158.3121,101.3278,-264.3219,170.6988,99.6631,-258.1727,145.8014,132.4003,-258.7113,140.7484,167.8444,-151.4179,184.7198,110.9702,-178.9761,124.2942,139.4479,-192.9189,240.4225,122.0691,-216.7666,133.7058,212.0002,-229.9009,242.379,195.7132,-250.5426,134.3279,179.3366,-260.5277,224.017,164.9857,-241.77,126.2247,112.8344,-254.4569,131.9544,133.8275,-218.9088,129.4613,202.0396,-233.8397,241.9454,185.4039,-258.2625,147.0663,132.3445,-266.2911,193.8625,125.666
CU082,-247.8662,170.7096,128.799,-253.4767,197.4848,121.6301,-111.6617,159.2335,161.3079,-126.3838,256.9543,129.317,-165.5044,142.0265,160.287,-183.7677,258.5251,125.4976,-168.3183,196.1375,112.9097,-198.8564,229.6773,255.9167,-243.3999,181.905,160.0678,-248.7197,205.5328,153.6324,-228.8023,144.8734,165.9627,-244.485,242.3079,137.2034,-158.5807,148.5894,221.2666,-172.4292,288.2191,174.3472,-230.6105,147.321,175.3661,-246.1562,244.7155,145.5148,-224.6173,145.3885,180.7995,-241.1817,250.4939,150.4377,-256.7895,195.3733,172.3919,-90.2966,230.6037,207.516,-253.8474,195.4816,166.5796,-248.948,175.2409,115.816,-250.9683,186.9957,113.322,-242.3697,162.3637,149.0235,-242.7972,159.4951,181.1001,-134.2266,199.0696,116.906,-160.8744,145.7578,158.0296,-175.5798,255.7154,124.0169,-198.9039,153.465,228.4049,-215.8371,278.0472,191.5423,-229.5954,151.2617,192.8308,-246.2212,250.3721,163.4618,-225.9231,139.4257,127.4181,-237.4398,147.2817,150.853,-199.5128,150.1557,219.5648,-216.3285,277.1011,185.676,-242.183,160.9613,149.2916,-251.5465,215.863,134.3447
CU085,-258.3234,211.844,123.5904,-255.8499,240.6216,118.9048,-125.7759,165.0655,154.2509,-117.2208,269.6886,139.4872,-183.7514,159.4686,145.51,-171.0867,283.1599,129.4306,-169.368,216.1901,111.78,-184.1119,237.151,253.9943,-250.6844,221.0357,157.1186,-248.1351,241.0899,152.8323,-248.5631,181.6172,152.9052,-238.9866,276.2767,138.7686,-162.905,158.7797,201.1897,-152.0129,297.1187,177.7932,-248.3149,184.3755,167.0629,-237.9671,277.5713,151.2078,-245.2154,180.4791,173.1733,-234.7377,282.0296,156.7845,-260.8063,235.2442,175.0417,-90.963,224.3392,202.351,-259.0207,232.9506,162.4482,-258.0489,218.5075,113.1546,-257.9565,230.1206,109.9772,-254.6984,200.6147,139.0761,-254.6682,197.5948,174.5943,-132.6608,213.5579,109.5209,-173.2753,164.3334,140.1155,-162.7696,277.8981,125.9757,-209.1078,181.058,221.877,-199.4096,292.5162,207.0529,-245.7377,189.8438,188.6203,-237.208,279.2207,173.8121,-243.8703,181.5514,117.8929,-253.6806,186.3894,142.793,-210.5187,176.9154,211.2082,-199.7313,293.0838,192.8688,-254.8759,198.8566,138.875,-248.9314,258.3701,129.7155
CU093,-253.7115,157.3404,110.9702,-258.0746,183.0667,105.8613,-122.4363,144.1082,158.6742,-136.1896,243.2351,141.6133,-175.2139,124.338,142.7946,-190.1101,242.4634,123.497,-166.766,182.7507,110.2013,-204.9663,196.1908,236.1359,-253.931,164.2718,141.8923,-256.8503,185.2361,137.2489,-237.489,127.6682,143.3645,-250.0072,222.4226,126.5332,-154.1363,129.4494,200.2021,-171.9534,263.8736,185.1069,-240.0732,131.1434,154.4996,-252.3621,223.1448,138.6882,-236.4432,127.9548,159.1885,-250.0523,227.5251,141.8153,-263.9726,176.24,159.53,-106.736,206.2984,202.1819,-261.1039,175.3456,148.3616,-253.7543,162.5912,99.1896,-255.4006,175.8617,97.7009,-249.7671,146.7119,127.6881,-250.6728,142.216,161.6276,-132.0676,188.3224,112.2401,-166.128,128.6956,139.0503,-181.8717,238.276,121.9793,-210.8127,135.3076,204.2774,-227.2445,242.8036,188.9371,-243.4631,137.5223,174.7074,-255.1895,222.4235,162.6434,-233.0215,130.0229,108.5654,-244.6254,132.7424,129.36,-213.6425,133.3559,195.8273,-229.3815,241.946,179.3065,-248.8265,144.1789,127.2264,-256.343,200.7182,116.5055
CU090,-238.4678,193.6469,104.0139,-240.3855,221.6372,98.9811,-111.374,173.4949,152.0753,-116.4687,279.8392,137.6899,-166.5271,160.0288,142.4096,-176.4282,279.6184,125.5443,-155.5482,216.8748,104.5315,-194.9446,228.3614,246.0896,-240.48,204.0446,139.2687,-242.2444,222.2186,136.6067,-231.1985,166.0811,139.6775,-238.4133,260.1543,125.2305,-158.3887,159.8085,189.6873,-166.323,293.0805,172.1472,-234.5103,167.936,150.8894,-240.7778,260.7663,137.6241,-232.8098,165.473,157.4626,-240.0604,264.819,144.1649,-255.6185,213.8917,157.1066,-86.185,234.8105,207.0038,-250.6277,213.406,145.4422,-239.2578,199.904,94.8714,-239.2682,212.2568,92.3412,-237.7473,184.9302,123.9061,-243.7646,179.9874,158.6542,-120.5574,223.1343,111.3612,-159.2681,163.71,140.7429,-166.6271,276.8076,123.9454,-203.1571,180.0092,223.1406,-209.6094,271.9012,210.0173,-238.261,174.9676,173.7219,-244.5433,259.1531,163.5216,-222.8963,168.8139,104.0147,-235.3183,174.0851,125.9933,-209.3888,165.5142,190.159,-213.355,277.2247,177.9797,-236.9474,181.7442,123.7425,-240.7342,240.7554,114.4881
CU091,-246.3335,193.4949,111.6908,-250.4944,218.6778,107.3757,-101.19,177.2341,149.6271,-125.2176,287.5105,141.2495,-160.7856,154.9928,142.3451,-179.6366,286.0277,124.5817,-162.8889,222.5673,108.616,-182.9186,234.5914,253.6681,-240.9078,201.2917,149.9,-244.8228,222.3098,147.9715,-228.5139,162.8293,147.8175,-246.0064,260.1314,134.5332,-145.6116,153.0492,187.0948,-167.2426,304.5919,162.5112,-230.3504,164.8135,162.6926,-246.0941,262.4904,148.4683,-224.5048,161.4984,167.3822,-245.0013,267.652,155.8335,-252.6894,212.4253,171.1017,-81.6134,241.7343,202.1844,-250.3209,211.4787,158.0474,-247.5265,199.8531,101.2389,-248.9579,210.959,99.4212,-241.4256,182.4659,135.414,-239.1824,176.8425,171.5071,-126.827,227.4783,110.9783,-152.0803,161.8528,137.8486,-171.148,280.9598,122.1359,-193.0168,166.3564,223.9274,-216.4223,288.5092,205.5496,-230.0273,166.5127,179.1448,-247.6417,264.8268,165.4541,-226.4277,161.0996,107.9106,-235.7316,168.3353,137.2123,-196.9295,160.261,203.0092,-215.5043,287.671,187.2341,-241.5893,182.6168,135.2904,-249.7786,234.5015,128.3203
CU094,-272.5489,164.6559,112.6019,-275.788,191.0921,107.1958,-140.9938,146.376,154.0381,-146.5395,254.0056,131.701,-196.0935,129.6208,145.8372,-208.1969,255.6991,122.3277,-195.8144,187.7641,108.2538,-210.2955,216.073,245.1977,-273.724,175.2416,147.4836,-275.771,195.8696,142.3848,-261.6347,137.5138,147.9309,-272.3438,233.5168,129.1256,-185.1055,131.6526,202.6958,-194.5938,278.0855,163.6263,-262.1507,141.4626,159.1448,-271.9637,234.3528,139.2779,-256.8894,140.0856,168.9199,-268.8432,240.0687,148.2674,-283.2908,188.5046,163.3206,-117.4913,213.8489,196.2385,-280.8764,186.9065,153.7188,-270.5409,169.4341,101.3395,-272.831,181.8295,98.6108,-269.3165,157.9805,133.1685,-270.7809,154.0692,167.0416,-160.7607,189.1471,109.0314,-188.6204,135.4566,141.5735,-199.5118,250.6025,119.0409,-234.9462,149.1599,219.1186,-246.1701,257.4047,195.0887,-263.9327,148.8285,182.4182,-271.0793,238.0014,165.2244,-252.1108,135.6305,112.8052,-266.3279,142.2821,136.7542,-236.8916,142.9877,203.2691,-248.2786,256.3466,176.5913,-268.8046,154.4544,132.634,-276.5909,208.2605,122.7845
CU092,-252.4595,200.2933,109.6608,-254.3123,225.4268,105.6893,-114.0538,175.5261,153.8866,-128.4068,285.3488,143.125,-167.6615,159.1374,141.0874,-178.8394,286.1887,126.7198,-164.345,221.3009,110.1105,-204.0269,230.2346,246.1842,-250.6561,206.2816,141.1116,-251.5407,226.7965,139.7973,-238.7244,166.1023,139.5791,-246.8908,268.3577,129.982,-164.625,158.3349,182.8884,-176.1357,299.6465,172.5149,-240.6067,166.2585,152.9155,-248.2329,268.3278,140.5511,-237.6324,163.9345,158.4537,-245.3917,272.5332,146.2389,-263.314,216.9218,159.5743,-97.2769,238.1773,206.4051,-261.2103,216.7432,149.1741,-252.4334,206.5916,96.4372,-253.2937,216.3278,95.9434,-248.4572,186.575,127.3525,-251.2482,179.0197,160.8402,-125.86,226.5635,110.3756,-161.9272,162.5216,139.3216,-175.1399,283.2042,126.3964,-204.2464,170.6419,208.8298,-218.6391,283.1486,202.4895,-240.2047,174.2771,176.9578,-247.21,268.285,164.1203,-231.316,170.5363,105.9824,-246.8085,174.7185,127.6974,-216.2618,168.12,188.3243,-220.994,285.53,183.6672,-248.7643,187.756,127.4154,-254.3071,241.028,121.4086
CU088,-258.1424,188.8274,122.8102,-260.0194,215.7717,117.1785,-117.5059,162.9734,149.7418,-130.317,277.5878,133.2131,-176.8263,149.8066,146.9309,-190.3169,278.9865,124.6551,-172.6832,209.4467,106.523,-187.5111,235.8111,252.5527,-253.5515,199.2175,156.7098,-255.2748,219.1973,154.046,-242.8974,160.2323,156.0266,-253.0946,257.8463,139.9763,-152.253,152.0412,196.9518,-167.1457,297.8095,168.9035,-244.4209,162.9678,168.7236,-253.594,258.4095,151.6068,-238.3992,162.1216,174.0699,-250.9535,263.0331,155.775,-262.9503,212.2278,174.3342,-91.1562,232.6509,197.6066,-260.3249,210.725,163.0752,-256.494,195.1698,112.5228,-257.2523,206.4196,110.5956,-251.3819,178.993,141.3524,-252.2841,175.3855,175.5545,-136.0884,212.7804,107.3514,-168.6136,153.7297,145.0103,-179.2701,275.1431,125.0188,-200.0171,169.9506,226.0094,-213.0444,282.0852,207.5884,-241.2592,169.7365,189.6708,-250.5486,261.2734,172.8731,-237.5349,161.0292,117.6803,-248.5539,167.271,142.7769,-204.665,164.6383,213.5307,-216.8837,282.395,194.4757,-252.1935,181.9069,141.6492,-257.6501,230.5369,132.7985
CU087,-283.8156,178.0138,117.5129,-284.4878,202.1671,113.1596,-154.6258,146.8647,151.8439,-157.7498,250.6824,133.9271,-211.3062,137.0588,147.3242,-215.4617,256.7826,124.1782,-204.7332,191.3841,108.2308,-225.4964,216.9764,246.0193,-279.8292,186.6058,149.0325,-281.5761,206.1289,145.5773,-273.822,150.317,150.6634,-276.8512,241.0219,133.4416,-192.9233,135.3234,201.0113,-203.6765,277.7124,173.3803,-275.017,153.884,164.354,-277.1237,242.3299,146.5361,-270.6701,150.9731,169.4391,-272.6166,247.395,151.2609,-290.7522,200.2767,167.8414,-135.0079,207.0544,200.687,-287.8577,198.1816,156.8796,-283.7332,183.2209,108.2744,-284.231,193.5756,106.2354,-281.0018,168.463,135.8371,-281.8743,164.259,170.3673,-167.3575,191.3158,106.9085,-204.7097,138.9993,144.9423,-208.8394,251.676,121.8616,-245.9758,152.6565,209.9896,-247.0335,263.7987,191.9744,-272.9863,158.5506,181.2954,-275.9166,245.1065,165.4151,-266.2537,148.8053,119.4179,-279.0201,155.0457,139.2253,-246.5343,149.7184,201.4195,-249.4317,262.5847,182.0727,-280.7589,165.2883,135.9409,-282.4678,221.8778,125.6689
CU089,-237.474,180.6609,111.9586,-242.0187,206.0182,107.1717,-111.6935,169.9272,155.6171,-126.9623,270.2516,141.841,-156.6146,146.8042,142.8365,-174.8363,268.1275,124.7079,-158.8709,206.4552,115.4525,-193.5278,218.8365,239.9103,-238.5642,188.5118,144.4044,-241.9752,207.1479,141.0282,-223.0129,148.7392,140.9443,-238.6595,248.0836,126.8279,-140.1561,150.8791,182.5075,-165.0585,283.9508,171.3791,-231.7648,152.0804,158.1428,-245.6108,246.9508,142.3225,-227.2645,150.0627,160.396,-241.981,251.0731,142.559,-249.9711,199.7847,161.7929,-91.7668,228.2167,191.9725,-248.16,197.7268,151.4979,-238.8391,187.1101,101.0845,-239.9881,198.6535,99.5398,-234.6553,172.906,129.2434,-238.7994,162.6595,163.6968,-126.9738,212.2367,110.8017,-148.4804,152.249,140.5079,-166.6204,265.5138,123.4207,-195.5259,155.526,203.6466,-211.8505,267.3241,187.9876,-232.8199,160.9771,176.3875,-244.5699,244.7085,163.3529,-218.1567,153.9682,114.6599,-228.2198,155.4434,128.8704,-198.9034,150.9937,185.3409,-214.9743,264.919,172.9734,-231.3956,164.8475,127.8273,-241.7629,226.1657,118.2074
CU081,-246.1272,224.3172,112.1718,-248.2098,248.5602,108.6621,-122.8235,197.6294,154.5798,-128.9304,296.6309,142.1922,-175.1274,181.7605,148.069,-180.8316,306.3672,127.8625,-167.7961,240.1909,108.3001,-196.7266,258.4819,244.4666,-245.667,232.46,146.2798,-248.1672,251.1989,144.2357,-238.1261,195.522,147.6083,-244.3512,286.306,129.2853,-171.2829,183.5752,186.2328,-175.5156,320.6973,165.8651,-239.1726,197.1269,158.1072,-245.527,288.9324,142.8215,-236.9935,194.5857,162.6006,-243.6626,293.6161,146.9484,-258.2636,244.6194,165.6561,-98.3277,255.1873,198.7319,-252.1623,243.2614,152.675,-245.7623,229.9188,105.4426,-246.3963,241.3111,102.8803,-245.0448,212.8902,131.1904,-247.7545,210.252,166.1739,-131.171,243.4673,109.8683,-167.1725,185.5453,142.9894,-172.0312,301.3278,125.1206,-207.6844,198.0817,211.9314,-216.9051,311.0797,192.1475,-239.4789,201.0224,177.5243,-245.9476,292.8698,159.0071,-232.504,195.1895,114.0811,-244.4756,201.6675,132.9967,-212.1276,196.1435,204.5972,-221.6225,309.1027,185.6541,-244.9515,216.0964,131.5172,-248.2417,262.1601,122.7599
CU083,-245.8543,151.4485,120.073,-252.4312,174.5256,114.7077,-116.0046,146.1595,154.6704,-142.1818,253.8802,134.2292,-165.409,126.7956,141.2048,-193.9575,241.4621,119.1777,-167.6665,183.026,107.5562,-192.8097,200.3075,241.1358,-237.5419,161.9836,151.4034,-242.9039,180.1332,148.9352,-222.112,125.3551,150.3384,-244.9021,218.0774,136.0599,-138.1899,133.9719,186.1433,-174.3589,259.781,154.3064,-222.3873,127.7815,162.8956,-244.9368,219.6623,147.0731,-219.5136,127.142,166.7983,-242.952,222.6422,149.9883,-247.8152,172.4843,172.3825,-92.3849,218.9948,197.477,-246.7403,170.0392,155.7654,-249.6119,156.5045,108.8785,-251.6463,165.2781,107.0848,-237.1506,143.1851,138.9932,-233.2025,139.7331,172.7698,-130.5616,191.174,105.0599,-158.5521,130.1392,138.6966,-186.1107,239.9102,117.584,-189.2443,144.1736,216.0918,-213.741,240.1258,194.4169,-223.306,135.4203,179.3099,-243.4597,217.8192,166.6638,-220.705,122.858,119.6534,-229.7667,128.5509,141.366,-191.577,140.133,206.1725,-216.039,237.8868,183.3148,-236.9086,142.0736,138.6853,-250.4111,192.7726,130.9959
CU086,-285.9063,169.2056,118.3773,-285.8885,196.5368,114.3197,-144.6073,138.9987,147.4822,-155.1416,250.2143,130.6365,-206.4348,120.762,146.0626,-210.8334,255.7381,123.1218,-195.7975,183.4698,103.3646,-215.9955,205.1087,252.7716,-274.7067,177.7141,156.051,-276.4232,201.1241,152.2249,-267.791,137.128,153.6256,-270.921,239.9304,137.4751,-186.3482,119.6756,198.5344,-190.4198,273.0403,170.6498,-271.8265,139.9741,169.6881,-274.728,241.8281,153.4872,-266.0593,135.9006,172.6357,-271.2599,246.9113,155.7112,-288.3333,191.2881,175.5704,-123.6403,200.6536,190.0849,-284.7831,189.8587,162.8988,-286.045,175.8882,109.7427,-286.7961,187.6705,107.4831,-279.1957,158.6619,142.6284,-277.0336,153.6094,176.0045,-160.4685,184.3374,101.8925,-198.1691,123.2942,141.4809,-202.2696,251.3358,119.1465,-228.3942,144.5652,232.0834,-231.4282,257.8804,211.4285,-268.5961,148.2132,193.7482,-271.3781,242.0182,175.054,-270.1005,138.8672,114.1919,-278.3073,145.3215,142.0843,-238.1287,135.8361,211.9313,-239.037,259.3489,190.7914,-279.1903,160.1609,142.7316,-280.0793,214.8083,132.0862
CU084,-243.3061,204.9738,114.4694,-246.4966,227.5009,111.6112,-112.6335,192.7483,154.2486,-126.2174,299.7474,132.916,-163.9403,170.5122,147.4689,-182.7133,297.5889,125.1799,-163.8692,231.4755,110.9403,-184.8158,251.1772,246.2238,-240.3968,213.8498,151.633,-243.8438,233.4063,148.5835,-225.8566,175.2678,151.7866,-239.8867,273.1552,135.8,-151.5101,172.3348,187.3421,-170.7827,313.1808,158.8485,-227.6006,177.3593,163.2253,-241.3276,274.4323,147.1328,-224.0149,175.9621,167.9619,-239.5531,278.1749,150.3283,-250.992,224.6481,166.666,-95.1388,258.6273,200.2166,-250.0335,223.2162,159.6545,-243.4687,209.8315,106.3833,-245.4782,221.1517,106.4786,-238.1632,196.0889,136.4162,-237.2409,188.8685,171.7014,-129.4138,234.6735,107.3819,-153.1831,176.3464,140.5733,-171.8957,293.5863,120.0796,-197.7816,183.7861,214.0952,-215.2613,296.2509,191.8563,-228.5767,184.8157,182.3222,-240.5368,274.9135,166.3365,-221.5143,177.9781,116.4373,-232.8572,181.073,137.8236,-199.5337,180.2118,203.9306,-215.2144,296.4322,184.7711,-237.7477,194.7921,136.2827,-244.7094,248.2921,126.6944
CU055,-258.9534,206.0789,122.5201,-260.9632,233.0941,118.0659,-130.0137,183.0851,150.2088,-135.7631,286.0249,135.1016,-179.7871,166.3253,145.2229,-187.8767,288.2695,126.6663,-181.8921,224.1533,114.282,-196.0233,244.1756,247.5146,-253.5031,214.9964,157.0548,-255.3733,233.4097,155.1745,-246.2061,176.3905,154.6261,-251.0914,271.0936,140.1384,-157.0921,167.1973,201.5855,-169.9521,306.9358,183.367,-249.0138,180.6383,168.8151,-252.681,270.8049,153.9444,-241.9036,175.7774,169.7397,-248.3515,275.865,155.3406,-263.0762,226.827,176.7278,-107.5294,245.2795,212.9447,-261.2784,224.8942,164.9567,-258.3508,211.8241,115.5675,-258.1785,225.6168,112.8277,-256.0461,195.1959,141.5437,-254.8414,193.6856,175.196,-148.9097,227.1358,107.9219,-173.2253,170.8654,141.5567,-181.614,284.2182,125.1122,-210.8603,177.2985,214.2481,-219.2099,290.0399,199.5699,-246.471,185.6352,185.5219,-252.232,269.4422,170.3047,-243.4721,181.5111,120.239,-254.2502,186.3987,141.6067,-213.5232,176.1097,206.4123,-219.0529,289.8081,190.6298,-255.9037,197.685,142.0167,-257.2813,247.3329,133.0966
CU051,-267.5688,208.571,118.0186,-270.0884,234.6213,115.8336,-140.6509,188.6054,148.0185,-142.7822,291.2647,131.4901,-192.713,175.2187,141.8969,-197.7212,292.9182,129.0424,-189.0627,230.4841,106.7552,-206.8687,245.2008,247.2196,-261.134,216.7625,154.8083,-264.6591,238.601,153.0965,-253.3046,181.2902,149.2799,-260.9908,272.1807,137.3125,-166.3215,170.6839,193.0943,-182.3948,312.6153,174.7786,-254.6368,183.4741,162.5419,-261.4993,274.3311,152.476,-251.6405,181.0867,167.1933,-259.1046,276.9789,155.7971,-274.1334,228.4894,172.7526,-108.9369,247.5605,188.6738,-271.2529,227.7178,163.0555,-269.161,214.0416,110.7619,-269.8018,227.5934,109.496,-263.1596,202.4208,138.4293,-263.0366,194.316,170.709,-154.3714,234.6821,104.8521,-182.6822,178.141,140.1858,-190.2509,290.0521,127.7396,-216.6635,186.8146,224.0586,-226.5121,289.9402,208.8689,-256.8312,191.4101,186.8826,-262.2611,273.0573,176.1525,-250.58,179.3549,116.8491,-258.802,185.7069,140.4198,-221.6868,181.257,206.869,-226.1696,293.3551,195.7896,-262.6461,197.053,137.9825,-267.4462,254.606,130.1914
CU039,-260.4698,230.788,131.1403,-262.1238,252.5067,123.927,-124.79,198.7764,145.095,-130.4646,306.0587,118.4233,-181.9843,188.89,155.4602,-192.1595,311.2375,119.6782,-179.7616,241.9274,108.0714,-184.6782,275.5266,251.0696,-248.3304,241.0113,161.713,-248.9776,260.6356,156.2543,-238.4752,204.4451,164.4864,-246.375,295.5657,137.8165,-149.0747,196.2332,217.0577,-155.6924,340.0389,175.4849,-237.8038,207.6099,177.5439,-245.5249,299.1319,151.4125,-234.4411,206.019,183.7049,-242.8752,304.8372,156.1604,-258.4077,256.0743,180.1423,-89.0827,270.8623,191.0779,-257.9433,251.9868,163.456,-261.7529,233.5797,122.5783,-262.6791,244.9872,118.7708,-252.1623,221.7363,151.719,-247.7154,222.0658,185.3684,-140.4751,243.4993,101.4781,-172.1979,191.6888,148.7192,-181.3676,312.1001,117.7412,-197.7877,214.9397,229.5784,-205.5159,325.0072,204.3237,-236.3168,216.7245,198.9148,-241.098,303.9616,178.4072,-239.6272,201.3013,131.716,-249.2344,211.8882,152.7537,-199.6492,209.5007,219.7178,-210.7205,323.4811,188.7515,-252.0223,220.2207,151.4801,-255.7308,273.6958,136.6109
CU065,-232.6947,225.2316,120.5288,-233.7835,247.3491,115.8342,-95.092,195.5899,146.5022,-106.0946,297.0829,129.8886,-150.1967,183.8952,141.4341,-162.2288,302.6407,122.727,-150.6316,238.8783,106.8372,-154.2035,263.3208,249.576,-224.9294,234.5146,156.78,-226.5358,252.5036,153.9389,-214.7033,194.6561,155.1472,-222.8021,290.9617,140.151,-126.9457,188.97,209.6014,-127.5635,322.2603,186.3468,-214.6287,198.0573,168.4812,-222.9247,292.8925,152.7119,-210.1251,195.8916,174.8611,-217.9016,297.7195,156.7583,-232.7864,246.4048,176.2778,-68.9575,257.9219,189.6272,-231.4829,245.1887,165.2628,-234.5529,229.087,111.8493,-235.5205,240.5394,109.5113,-227.6535,215.8626,142.4023,-224.3189,212.1291,177.642,-112.6064,240.5029,104.4182,-144.2231,186.0905,139.7357,-153.0405,299.3629,121.6591,-172.4153,203.8657,224.1588,-181.7216,311.7261,205.9964,-213.5595,205.8391,190.3304,-219.9761,294.6892,177.898,-213.376,194.9191,119.2727,-222.3568,200.2527,144.5445,-175.1088,198.4322,210.5058,-184.947,311.731,193.6083,-227.9974,214.0705,142.1289,-233.1473,266.6822,133.2997
CU066,-235.9069,224.0286,118.8696,-236.9512,251.7464,114.8523,-105.5109,193.8919,152.6551,-106.3641,300.3163,132.8478,-160.9836,183.4457,144.3278,-164.7387,306.4571,124.2416,-153.9244,240.6719,108.4633,-170.4816,266.2296,247.9047,-229.7283,231.534,154.9456,-232.9965,254.7641,150.8338,-221.3641,193.7577,152.0307,-225.8717,291.1099,134.3397,-148.9509,180.5166,199.2146,-151.7411,324.7648,177.3654,-223.802,197.8183,166.2158,-227.8773,291.8404,149.9892,-218.4582,194.5868,170.8941,-222.2757,296.735,153.3068,-241.4451,250.2095,175.986,-79.8062,258.1944,190.6305,-238.7245,244.8416,161.5573,-234.1262,229.5541,110.4027,-235.1363,242.8549,107.8631,-229.241,213.9777,135.7908,-230.4435,209.5915,173.2107,-114.512,240.2794,107.2949,-151.3772,185.7345,143.4873,-156.0303,303.6053,122.5778,-190.4655,194.8258,215.6867,-190.5893,315.8657,199.6175,-221.083,201.0554,183.5895,-224.0031,294.8233,168.4748,-216.7377,197.4965,116.7784,-226.9262,201.8276,137.9376,-196.688,193.3545,197.2993,-193.9143,314.8252,189.9371,-229.3659,212.4654,135.3463,-232.3981,266.287,126.5956
CU054,-262.9188,206.878,120.5477,-267.345,230.0846,117.0401,-131.3848,187.5177,140.9855,-147.843,290.8033,131.4247,-180.9393,170.4303,138.3622,-205.6497,291.846,124.3281,-185.4301,230.2474,107.2381,-190.732,242.0665,244.1354,-255.1283,214.568,154.3968,-259.6271,232.2016,151.7714,-244.3248,179.1454,150.5691,-258.2469,269.4557,140.7017,-164.7612,170.0753,191.6073,-179.8733,309.011,174.4922,-244.8375,181.7822,165.1938,-259.0927,269.1022,153.7319,-240.9165,179.6365,167.8308,-255.8161,273.3385,156.3423,-264.4002,226.436,176.8793,-104.5765,249.5415,179.1377,-263.5706,224.8647,160.7713,-265.1807,212.4623,112.0848,-267.3793,222.7176,110.9553,-255.3512,197.4517,138.112,-252.2324,194.0652,172.4408,-154.2297,233.8102,104.1339,-175.3628,175.4969,134.798,-194.385,289.1115,121.7066,-202.0703,179.2659,212.0041,-223.8965,293.2595,197.3452,-244.5595,187.1066,180.5146,-255.5437,269.3079,170.3339,-242.9521,181.1507,120.4734,-250.3843,184.1591,140.5135,-204.51,177.2137,203.9586,-224.6016,293.0396,191.3451,-254.1871,194.1182,138.4572,-264.3235,246.8468,132.5691
CU095,-261.0714,184.163,134.2827,-265.7421,210.5441,130.8725,-131.797,170.9343,156.1279,-141.3795,270.7385,151.5461,-178.1828,152.6989,149.7352,-204.1466,272.35,133.853,-185.3242,211.2203,124.0474,-208.0389,226.1822,254.0478,-255.1505,190.2623,161.065,-259.2354,212.8988,157.9921,-241.7877,155.8702,158.4861,-259.8612,248.5801,144.9453,-162.0523,149.7727,193.1184,-184.6683,295.2355,172.724,-243.367,158.0964,169.8493,-260.9546,249.0856,158.1382,-238.9904,155.372,175.5383,-259.0205,253.1068,162.7629,-266.7909,202.2134,178.0537,-118.4318,238.1753,216.4157,-264.1367,201.4351,166.925,-261.9926,190.2224,121.1806,-264.068,201.7882,119.756,-252.7584,174.7249,146.2636,-252.1435,169.6511,178.3403,-154.4928,218.9448,117.4702,-173.0247,155.3017,148.2954,-195.132,272.8509,133.9418,-207.6924,160.5184,214.9028,-234.9377,269.1983,197.8834,-244.5132,162.5275,190.1396,-261.3248,249.0007,176.0765,-236.9661,160.5402,126.8769,-247.5365,162.1642,146.4556,-213.2981,157.9194,208.1963,-236.4581,267.6823,191.4514,-250.6837,170.22,145.3782,-262.8378,230.7044,137.5375
CU072,-253.4125,226.2067,119.9614,-253.0089,249.8182,115.1823,-122.3753,185.0393,152.5835,-116.6,295.7725,131.1565,-179.2636,179.495,146.5161,-174.9524,303.3917,124.3029,-167.9863,238.4841,109.9955,-188.1364,260.7822,246.4534,-248.3222,235.316,152.8461,-248.6505,252.4109,151.8145,-242.5753,195.8833,148.6576,-241.7056,288.4553,133.3268,-162.2401,178.3475,208.6889,-149.9458,323.0875,185.9858,-242.9055,198.6301,160.6908,-241.657,290.2621,146.0156,-238.9403,195.9527,167.3297,-236.698,294.5872,150.48,-258.0262,246.2192,169.7065,-89.1305,250.2598,191.6865,-256.4422,244.8046,160.0602,-253.5509,231.1579,111.5848,-253.0588,242.4982,110.4184,-249.2757,216.1695,135.461,-250.8049,212.9838,170.3634,-127.5701,234.2856,107.675,-171.4371,183.502,144.6556,-167.4886,299.5769,124.4169,-202.3707,194.2628,222.0128,-203.5114,312.5139,194.3722,-243.4087,204.9504,187.5233,-241.0667,293.7856,170.9235,-238.1038,195.5217,118.6153,-246.4223,202.0488,137.6108,-208.7054,190.8122,209.7429,-205.8486,312.4689,188.2624,-249.5659,218.8623,135.7294,-248.7406,263.9088,128.0191
CU029,-247.5057,179.3715,139.1033,-254.226,205.2925,134.7138,-93.8058,176.9338,136.118,-120.8166,279.3102,115.986,-154.0106,151.1489,150.2791,-189.4784,275.0703,124.3642,-165.8208,207.6875,111.5822,-157.2376,242.8132,247.5233,-238.0071,189.3923,170.6864,-243.8089,212.2906,166.1531,-220.417,153.1697,168.0244,-245.4492,249.1206,146.7147,-127.1582,160.917,178.9782,-154.0616,296.39,152.4332,-217.7368,156.5629,181.0858,-243.7069,252.5022,161.521,-214.3769,155.2085,185.951,-239.312,257.0937,164.2358,-246.7357,204.3698,189.9056,-69.0676,251.0211,175.9757,-245.0349,202.6797,180.2323,-250.1838,183.8605,127.3981,-253.4198,195.5704,124.9259,-237.5366,169.425,158.5485,-228.5271,168.6293,189.9412,-129.5088,215.3858,96.9511,-149.1407,155.7762,142.8641,-182.3885,270.4154,119.6198,-169.3554,181.6549,230.0718,-196.4724,276.9098,206.179,-212.4347,171.2506,207.646,-233.5346,255.5783,191.7875,-226.0745,154.7727,134.7284,-232.8997,159.3316,159.0153,-176.6145,169.1943,209.5676,-202.1996,275.7971,189.985,-239.9622,175.7263,159.1887,-251.9982,221.1274,149.018
CU056,-267.745,209.6646,121.1369,-267.0178,233.9396,117.5745,-148.7814,169.6127,146.1588,-142.1227,272.3592,128.5365,-197.9895,162.857,143.2383,-194.9152,281.1554,125.3749,-191.3661,219.1307,114.3675,-203.4002,231.5333,245.3884,-261.5394,214.3871,151.6569,-261.5657,236.0022,147.6567,-255.8057,178.9059,147.303,-251.7574,270.9672,136.1008,-182.8331,157.8378,179.3602,-171.5539,295.3852,159.2608,-257.6548,182.8047,164.5185,-253.0037,271.622,151.2753,-253.485,178.2879,165.0711,-249.5684,275.0089,153.7818,-267.2315,227.5122,168.6946,-107.5046,225.2715,191.4608,-265.9317,226.8485,158.2216,-268.4161,215.344,113.0287,-267.9373,226.6339,111.0807,-262.8662,197.3344,137.368,-261.8028,193.5874,170.3286,-156.8152,216.1804,110.3071,-191.7817,164.7361,141.4806,-186.1781,278.0328,124.0983,-218.3428,177.4314,211.9489,-211.1118,286.8504,198.668,-255.7717,186.2739,178.655,-252.5433,271.1685,166.2147,-254.4499,178.4387,119.5085,-259.8711,184.0891,139.1492,-226.1725,178.0368,203.0301,-217.073,284.9982,189.4852,-262.6883,193.4997,136.1978,-260.9177,254.6229,128.18
CU038,-252.5488,225.6557,126.385,-250.0103,250.25,121.4652,-122.7239,178.3412,145.6692,-112.7094,279.7223,125.438,-181.7858,171.7815,142.6834,-169.9322,294.9442,117.6181,-168.8357,225.6268,110.9261,-165.9197,256.1569,242.8431,-241.2992,235.3201,159.2612,-238.9839,254.2995,156.0852,-242.1271,197.6648,159.2182,-233.4725,288.2503,142.3936,-160.3195,167.0066,181.6864,-144.1662,310.7747,150.9667,-238.6948,199.617,172.0358,-230.5782,290.5276,153.9981,-237.0235,198.1604,176.9014,-227.8842,294.3268,157.6451,-246.6309,249.9045,181.2519,-83.745,235.6241,186.8224,-246.0908,247.6391,167.8193,-252.5711,231.5326,118.4543,-252.006,241.7836,117.1117,-245.6946,218.3738,145.5972,-244.2123,217.4804,180.5196,-132.6453,224.7662,103.3971,-172.1502,172.1591,141.2828,-160.8479,292.6737,117.6669,-196.9232,192.5357,214.7136,-185.2329,307.8239,190.8595,-236.2529,205.3702,188.3491,-227.6617,292.2187,170.0423,-241.0753,194.9836,129.187,-247.1946,205.8976,148.7594,-205.9757,193.2017,202.7704,-186.9752,306.8798,182.7752,-245.8601,216.9006,145.3334,-242.4471,265.2104,135.6976
CU053,-264.2181,202.2245,120.6651,-272.192,226.4008,116.8387,-130.1851,194.3422,140.6046,-156.3323,295.1219,129.8195,-179.0967,174.3903,138.9461,-211.3356,291.2344,120.7566,-189.6613,230.6263,107.9216,-195.8983,251.6976,242.704,-256.5688,210.6014,157.9832,-263.5727,231.53,155.8362,-240.6454,176.7728,155.0721,-265.2867,268.0202,140.9839,-157.9975,177.193,187.4439,-185.3819,313.632,164.0516,-241.4796,179.3064,167.2346,-264.9558,268.7892,154.0322,-237.2291,177.9442,169.8621,-261.7057,272.34,157.7635,-266.2666,223.5654,176.9113,-110.6783,261.136,177.2444,-264.7971,221.1293,167.7196,-264.8388,208.1421,112.649,-267.8171,219.6075,110.8104,-256.0733,192.4191,142.2013,-250.8391,190.5355,177.193,-156.7931,237.3389,104.2025,-175.2981,178.8145,135.2385,-202.8738,290.9167,119.1075,-203.5614,187.2926,212.6071,-229.4697,293.3301,201.047,-242.2734,186.3602,186.6237,-263.7298,267.9143,173.7041,-243.2128,177.7572,118.188,-250.5695,182.4242,142.2038,-204.8308,184.3372,206.0014,-234.5413,292.667,190.0553,-256.9157,194.8101,142.654,-270.6562,241.6498,136.9915
CU050,-256.3389,218.7931,113.8592,-257.7983,243.9141,109.6512,-128.0798,180.4804,135.2164,-131.6997,287.6685,125.9928,-181.182,174.0163,136.6893,-183.0468,294.1471,125.3911,-174.7265,231.3645,104.4035,-190.0008,245.8609,246.7344,-249.949,228.8235,151.7684,-251.2191,245.1645,149.5957,-246.7419,191.9983,143.8386,-247.33,279.1543,135.9861,-156.6315,169.0012,194.1364,-150.0959,309.9615,177.5279,-246.809,192.651,156.0509,-247.5026,281.2814,146.9149,-242.4666,191.2674,161.7549,-245.7107,284.1969,151.8197,-260.3418,239.3423,170.4156,-93.4673,238.2864,186.6304,-257.3124,238.7375,159.1638,-257.2743,225.328,103.5115,-258.1723,235.3638,102.0544,-252.4319,213.6853,134.0439,-254.5884,206.4365,166.6637,-138.1313,231.1286,101.7525,-173.6889,176.3474,134.733,-174.6743,290.2636,123.1686,-205.9201,186.4691,215.6283,-208.9661,301.1402,201.3921,-247.2785,197.6848,176.1822,-247.6229,280.9681,170.0337,-239.6557,189.5938,114.6963,-250.5537,197.5845,135.7544,-208.9068,183.999,206.9948,-209.0359,302.2055,191.5859,-252.3239,210.5042,133.5941,-253.589,259.8796,127.036
CU080,-262.6895,201.8368,121.4341,-266.5986,230.3247,116.0972,-127.7369,182.6959,147.6551,-147.6435,285.5138,132.3235,-181.9313,163.2271,146.1263,-198.4924,288.5074,124.8198,-186.5699,222.2818,114.6483,-204.3617,243.0193,246.4248,-258.8169,211.8947,155.3208,-261.3326,231.9727,151.7138,-247.2902,172.9937,151.3022,-258.166,269.2798,135.3209,-172.8937,165.4731,190.8885,-185.9956,306.5882,162.9565,-247.8804,176.0154,164.5053,-259.1137,270.3798,148.4456,-244.4993,173.8961,169.6227,-257.1951,274.85,153.9605,-269.5385,222.5114,171.5893,-114.9884,242.5838,196.0287,-267.5288,221.6841,164.4104,-262.1786,208.7079,112.5423,-265.2958,221.7434,110.451,-256.0133,193.3825,137.4552,-255.796,188.1347,172.8269,-151.4915,227.4192,115.7326,-179.0323,167.4943,141.9331,-193.3856,283.6599,123.473,-210.3921,182.636,221.7909,-227.107,293.2319,196.9053,-246.1788,182.8424,183.5482,-257.0614,270.4844,168.4794,-243.5117,175.2777,118.9278,-252.7322,178.8675,140.8274,-209.7822,177.8742,214.3699,-232.1616,290.4466,187.7424,-255.8491,192.3493,137.2688,-262.3408,247.976,129.3393
CU058,-230.529,223.2139,117.4767,-232.6447,252.0007,113.8543,-94.7316,197.5671,151.8716,-100.3101,298.4126,140.1568,-152.9722,178.0401,143.6413,-159.9693,308.8764,126.4897,-145.8268,240.2842,107.0736,-173.0859,255.7792,246.2865,-229.8225,232.2591,153.9914,-231.1591,251.8181,151.3661,-222.327,191.9085,150.7514,-226.1524,290.9691,136.7388,-139.6408,179.2057,182.0674,-146.7733,319.8842,164.0169,-225.3636,195.2565,163.1647,-228.9558,291.077,149.5667,-225.3822,194.2817,172.2313,-229.4273,293.8305,157.2762,-242.9669,243.8993,170.7552,-76.7163,255.0167,188.051,-239.5495,243.3233,162.1873,-230.704,229.306,109.8399,-231.5945,242.853,107.6925,-227.8788,215.628,133.3859,-235.6821,210.492,171.4199,-105.3865,242.3845,105.2376,-145.2962,181.1621,141.902,-151.8936,306.1061,125.2454,-186.7724,204.2624,226.3608,-194.5411,301.1734,208.5177,-228.4907,201.8751,183.5058,-231.2899,288.713,172.717,-215.4336,195.3442,121.1815,-226.325,200.1736,136.6891,-189.7666,191.4407,198.9167,-196.6714,304.0987,187.6149,-227.5958,214.2316,133.3882,-230.6118,263.893,126.9456
CU033,-244.149,227.6362,126.0165,-246.2723,252.1935,122.4045,-116.7178,190.4338,134.0224,-120.0482,290.1425,118.8006,-170.3918,180.3707,142.047,-172.354,301.0965,117.0998,-168.2595,236.2171,108.2545,-155.0431,263.2381,239.744,-234.7922,238.5201,160.6802,-236.4195,256.6843,155.2515,-230.5442,201.3833,159.6636,-232.0721,290.2732,139.9541,-140.2574,180.4484,189.1794,-136.6977,323.8887,171.4645,-227.5566,204.9116,172.5137,-230.1027,291.9834,153.1052,-225.0696,202.8405,177.397,-229.4644,294.7904,159.1542,-239.005,252.8158,179.8502,-78.6748,252.3053,172.4593,-240.4063,250.3887,167.9731,-243.9709,232.4974,120.3432,-245.034,244.1695,118.3511,-238.9764,219.7588,146.6718,-231.6602,218.6006,181.6064,-136.6781,234.3555,101.1682,-160.0275,182.5865,139.8777,-164.8746,297.8718,114.8792,-180.9703,196.4806,212.2421,-188.1046,314.8535,189.012,-224.5835,212.6848,191.0493,-227.252,293.088,170.3025,-230.8665,197.3182,127.9295,-238.772,207.4796,150.2646,-189.2934,196.5591,204.1939,-195.0192,311.9398,181.3007,-238.5187,216.8553,146.6425,-240.9258,269.9007,134.4101
CU028,-225.6075,203.9118,127.1999,-230.7488,227.0076,125.8505,-89.6109,190.7568,141.7852,-110.3927,292.781,127.0663,-141.0325,173.3764,139.5144,-165.0779,290.6083,124.4387,-147.141,231.0613,109.3813,-148.4223,246.016,242.5777,-215.4077,211.7842,157.7269,-220.5217,234.2926,156.7543,-200.9079,177.9356,154.6577,-220.2166,268.8019,144.5433,-107.4074,179.7724,198.0622,-125.7816,311.5048,187.0086,-199.3675,180.3325,165.8539,-218.0835,269.7881,157.3319,-194.2405,179.1178,169.5527,-213.3464,273.726,159.0805,-221.3185,224.6463,176.0958,-61.8721,256.0546,182.2981,-221.5864,222.2789,166.0422,-227.9853,208.5308,121.5151,-231.0517,220.9761,121.2243,-216.4016,195.1085,144.2359,-208.2416,191.6548,175.6785,-115.5653,236.8481,99.9811,-135.4093,178.3445,134.7841,-156.8229,289.9438,122.236,-162.6334,187.2642,208.4011,-181.4144,286.1465,196.5088,-196.3334,186.7665,185.8736,-211.9385,270.0329,174.44,-204.0623,180.034,126.0449,-211.356,183.9091,145.5159,-169.8947,185.2091,196.7121,-188.7762,282.2892,184.6352,-215.8792,193.5982,144.4858,-227.2781,247.8091,139.4626
CU046,-245.0777,224.2383,138.3644,-247.2347,250.0455,135.4625,-109.3649,195.8516,132.7166,-120.126,305.118,116.8523,-160.5826,182.3123,145.1649,-175.371,310.5865,125.0023,-169.2395,241.9152,108.6674,-138.3639,264.8514,242.8446,-229.0069,232.6186,170.6845,-232.171,255.6977,167.2794,-221.586,192.9751,170.4898,-233.015,292.2875,152.9404,-130.8754,183.3753,183.2608,-157.0046,327.9957,163.5887,-218.9727,196.0118,182.4956,-229.9248,293.5827,165.4307,-214.968,194.4807,186.574,-226.66,297.2834,168.5637,-234.572,247.3029,192.0024,-70.8061,260.3477,168.3777,-236.4609,244.7115,180.2906,-245.9982,230.9506,131.1674,-247.3996,241.3938,129.1498,-234.947,213.4428,157.4477,-223.816,210.6701,192.8907,-133.3116,243.3806,98.2384,-155.5875,186.1268,141.0827,-168.9136,306.9205,121.171,-165.1901,202.6003,221.7782,-178.8659,315.5507,204.8187,-208.7506,205.8488,204.6864,-221.6364,295.2883,187.5262,-229.2972,194.3381,133.8407,-231.6409,201.5787,158.853,-169.1882,198.7014,215.5166,-186.5167,315.6196,193.7657,-234.8187,216.072,157.8822,-240.863,266.1003,148.8428
CU049,-252.0602,216.0674,121.4487,-254.072,245.6276,121.7932,-122.9039,179.3327,138.698,-123.5272,287.1551,129.6257,-176.938,167.4477,136.7037,-183.1673,296.0916,125.7633,-170.8727,232.8246,109.4454,-171.9868,240.5495,245.3898,-245.6186,221.5674,155.9727,-246.885,244.7958,153.6344,-238.6836,185.4535,147.6132,-240.9744,281.2385,139.5406,-160.5242,161.7336,177.9104,-156.2162,309.1729,169.9652,-239.0705,188.1161,164.9695,-241.0773,280.8653,155.7198,-234.0347,184.5406,166.0915,-237.6203,284.2486,157.9742,-252.1819,234.899,176.6337,-91.8724,238.9825,189.1341,-251.8427,233.412,164.7903,-254.203,223.6716,113.1455,-253.6395,236.908,112.5651,-247.0879,207.9027,139.0523,-243.3754,199.1784,173.2133,-134.7449,231.761,104.3664,-170.1081,167.9016,135.7905,-175.5932,295.0321,123.8024,-194.9548,183.7106,219.8434,-198.8654,297.2093,208.2937,-236.376,191.3863,180.121,-237.9839,280.1281,172.5741,-234.4853,187.8245,118.5038,-242.9639,190.3769,139.8953,-202.4191,177.6678,201.2946,-205.6438,298.6173,195.1706,-246.3087,202.2718,137.2042,-248.4812,261.9601,131.9167
CU026,-259.7596,229.2755,118.341,-261.6213,257.304,115.0886,-123.6535,205.7755,144.6779,-130.8299,309.2098,129.7184,-179.5356,193.1702,143.7883,-188.4626,312.0479,125.78,-177.7316,249.8947,108.0032,-196.6018,265.78,243.5498,-255.5782,236.8693,153.5479,-257.9516,261.7581,148.9093,-242.7622,200.4134,151.5595,-248.7571,297.8496,138.6492,-163.0925,196.7278,199.2412,-164.3333,330.3561,181.1644,-244.5637,205.1323,165.3091,-249.5747,297.9315,149.0234,-238.4461,200.7346,168.6181,-246.9269,302.7444,152.7817,-265.1808,251.8834,169.8285,-99.1162,265.9629,182.2188,-262.7776,250.0236,160.4993,-262.6263,235.5474,110.3071,-262.3552,247.8758,107.8457,-253.6395,219.5429,138.2569,-252.2473,216.8352,172.0883,-143.0501,251.8442,106.603,-172.4509,196.8999,141.2031,-181.7347,309.44,124.241,-207.9702,208.2686,213.1043,-218.0958,315.4417,198.7635,-241.9043,209.3312,183.813,-248.3691,300.1287,166.1867,-240.3915,203.3185,120.3387,-252.2647,209.0211,139.0302,-211.1816,204.1589,198.4972,-221.2325,314.0418,184.0791,-253.0676,218.2334,137.5029,-257.498,273.8512,129.1473
CU059,-237.6476,224.1106,119.4998,-238.0019,248.8005,115.6435,-99.2107,191.1346,150.6033,-103.945,302.5986,130.989,-155.6378,173.488,147.4786,-158.2731,313.0829,121.9752,-151.7,239.2657,105.6397,-169.2419,259.5776,248.8474,-226.2714,231.2589,154.8874,-227.0484,254.2945,151.5074,-220.7076,190.5846,154.358,-223.8496,291.6481,135.4601,-135.4026,175.1557,183.6575,-145.8762,328.1311,162.1953,-220.2942,192.8337,168.0399,-223.9291,294.0496,151.1801,-217.2545,190.448,173.8498,-220.3666,299.0795,155.6915,-236.3285,245.6925,172.8425,-67.7572,255.9829,200.2007,-234.3603,245.178,163.6553,-237.5325,232.4947,109.3014,-237.6894,239.0892,108.708,-230.6078,211.7713,142.845,-227.0425,207.9372,176.6474,-115.0641,240.2941,108.9209,-150.8208,177.4071,143.6639,-153.3216,308.3546,119.4761,-176.8392,205.935,226.3672,-181.4137,311.338,208.6251,-217.8235,201.6039,188.781,-221.0912,293.8116,172.9132,-217.6315,190.6736,119.9892,-227.9657,197.4527,144.0554,-184.431,197.0166,206.5922,-187.5879,310.8229,190.0524,-231.7787,218.1616,144.569,-232.383,263.3523,134.8898
CU031,-239.2213,200.4181,135.0735,-239.8213,223.6375,130.4618,-111.0443,176.103,140.1258,-116.034,276.6924,118.3992,-162.1014,162.049,143.3366,-175.1903,276.9289,121.1833,-157.693,215.7187,112.5478,-157.5134,244.5708,237.6263,-224.8745,208.4845,161.0015,-227.6123,227.4233,156.5938,-220.2417,173.2314,163.1563,-227.7913,262.0925,144.4144,-134.783,164.6202,183.3409,-145.5097,297.9448,152.7133,-217.0799,176.4362,174.8209,-224.0879,264.5272,156.7207,-214.0396,175.0776,178.9747,-221.9498,267.4632,159.3471,-231.0363,221.4315,180.8923,-72.4266,241.9899,176.5674,-230.9529,220.0964,170.3367,-240.8829,205.8996,125.2069,-241.1494,214.671,123.5473,-229.8416,188.6982,150.0365,-223.7852,189.9461,182.3492,-128.8198,217.5213,100.9367,-154.8444,165.1368,139.7151,-166.9985,275.74,118.7842,-180.1122,179.5619,210.9823,-188.1155,285.1113,189.4021,-215.0744,182.4032,189.4598,-220.6347,265.994,174.0712,-222.9727,171.8427,131.9616,-227.8954,179.6588,152.1053,-185.1318,176.673,199.6191,-192.8925,280.2767,178.5894,-230.0884,192.3852,149.5075,-234.6718,237.9419,142.3854
CU062,-247.9027,210.149,120.2923,-250.951,238.1935,114.3574,-105.6504,186.5221,154.3882,-114.7136,293.2413,136.0058,-165.0957,171.1095,150.4416,-176.7028,297.7433,130.3385,-163.2861,230.0235,112.3871,-178.6203,247.5168,251.8594,-240.7493,218.8412,152.6189,-242.9862,240.6702,147.6918,-231.2545,181.3002,153.0698,-240.4099,278.1967,137.0012,-143.3156,176.2765,205.07,-154.898,315.7303,181.2212,-231.9241,183.3636,162.8868,-240.7564,278.7063,146.2544,-227.2104,179.6774,169.7938,-238.3619,286.045,151.1263,-253.9568,232.3551,167.603,-79.1221,254.149,201.5252,-250.5784,230.037,157.2867,-246.0706,217.0674,110.9499,-247.831,228.5519,108.8448,-241.3087,198.683,139.5448,-242.3172,198.0912,171.2316,-129.3139,230.9776,110.5584,-156.7989,175.2929,148.7733,-168.857,294.0446,129.495,-199.7962,188.5372,218.9834,-210.0251,299.6996,201.4231,-232.6485,188.6649,183.4861,-240.9738,282.5428,164.4498,-226.522,182.4137,117.3001,-237.9341,186.9392,141.5755,-200.2172,183.3231,206.0233,-215.3662,297.5488,185.9046,-241.3862,199.8865,139.2327,-247.1781,253.8781,128.9798
CU037,-260.1234,212.8436,131.108,-263.726,234.7018,127.1994,-130.0633,189.8208,139.4862,-138.5686,294.1886,114.2715,-179.6085,177.2134,143.3064,-191.1127,291.5664,117.2022,-180.4487,231.5894,106.7877,-176.6454,255.0108,238.7407,-247.5945,222.6496,159.9095,-250.1086,242.024,156.8472,-236.1363,184.44,158.6063,-247.2513,278.0664,139.2693,-152.2453,178.1984,193.5318,-165.5393,317.4694,162.529,-234.6365,187.8003,173.7884,-245.3307,281.524,150.3935,-229.2865,185.5908,177.3146,-240.6204,286.4712,154.1119,-253.6018,235.9657,177.3386,-88.9184,257.5995,176.7304,-254.506,234.0978,168.6233,-261.5626,216.9,121.9838,-262.4276,227.686,120.7282,-250.4841,204.6526,148.4813,-242.2736,202.7386,182.3801,-145.8354,234.8535,100.0207,-169.7991,182.2362,138.6946,-183.1869,290.4498,115.9232,-197.9001,193.8593,212.0201,-207.734,299.01,192.7983,-229.83,196.5087,194.5982,-237.4559,285.4765,175.2285,-240.5641,185.7033,127.3959,-246.283,191.1971,148.8835,-201.3671,191.6831,204.3426,-216.0865,296.8607,184.8822,-250.0153,202.9293,147.8681,-257.1252,251.9489,138.2461
CU061,-238.8063,220.9156,115.0174,-240.7886,244.3332,110.7105,-114.7084,195.2617,153.1346,-112.485,297.2368,129.5493,-166.5732,180.2291,148.1085,-167.0111,307.8342,124.7749,-159.7655,239.3464,107.5836,-189.9078,262.3353,251.5189,-234.0229,230.7214,150.1251,-235.8703,249.6261,146.6787,-227.6803,193.0242,149.1517,-232.1784,287.3615,133.3528,-146.026,181.1269,199.6367,-149.7268,327.8108,173.6165,-228.1329,194.6261,160.4806,-232.1605,289.1574,144.1021,-223.7404,192.0577,167.6812,-228.8626,294.2202,150.681,-244.7319,242.3586,167.2043,-83.7722,258.7553,198.3963,-242.6701,241.4337,158.3725,-236.7739,226.5488,107.4135,-237.752,237.6484,106.2081,-235.1606,212.5139,134.876,-236.0957,209.311,169.2879,-120.4053,241.1692,107.2027,-158.5914,184.0819,144.6835,-161.8699,301.5948,123.3114,-192.1972,202.4647,231.1906,-200.2124,311.292,209.135,-230.8659,205.2876,184.2511,-234.3902,287.0688,168.1504,-220.2962,196.765,115.2243,-233.5692,201.2769,136.879,-196.9314,196.7303,218.3481,-200.4733,312.7944,199.5393,-235.5204,216.1454,134.8715,-238.8307,257.5877,128.2859
CU027,-254.0092,230.2317,112.4563,-256.2384,255.6948,108.0799,-115.7667,207.7441,151.3653,-128.2729,310.3354,136.3205,-171.5246,186.9842,148.3051,-182.8163,317.3463,126.0547,-174.2991,247.8685,109.5632,-195.5072,270.9115,245.762,-252.6234,239.5642,148.4366,-254.1674,258.2455,145.8928,-241.9263,201.4599,148.7193,-250.141,294.976,132.3105,-164.0485,190.8923,186.4311,-172.7211,329.7322,160.3127,-243.0835,204.4848,163.2386,-250.5585,296.823,147.8385,-241.7536,202.7646,168.3799,-250.3203,300.3386,153.5048,-264.9333,250.9352,168.7502,-104.0531,270.9383,211.2751,-261.9131,250.82,158.7685,-251.0525,235.7445,104.0685,-252.8925,247.8871,100.8853,-250.0612,219.6861,134.3531,-253.0273,217.8197,170.0927,-137.6321,251.0826,107.1467,-165.4513,191.3745,143.6634,-177.1019,312.6895,123.2359,-202.1356,215.436,222.6597,-215.3919,316.4888,199.5134,-246.4547,213.1777,184.1858,-252.5899,297.0697,170.6218,-235.6617,196.9903,116.8997,-247.6775,206.1952,137.8542,-212.5607,204.5852,199.0284,-224.2521,313.2073,179.0487,-249.9164,221.4694,133.4709,-255.2682,270.7817,126.043
CU048,-245.8972,250.3743,119.9008,-246.8922,277.1842,117.8101,-109.1319,214.1208,147.3185,-110.7923,323.6293,139.874,-164.2887,206.3323,139.5788,-165.4407,326.288,129.1051,-160.7305,264.9217,105.8757,-169.1065,278.2238,258.2106,-240.5354,255.4739,152.6853,-240.2456,279.0533,151.3216,-231.9507,218.7851,147.9276,-232.9892,314.616,139.2919,-139.9221,202.5432,204.4282,-140.4525,342.7646,191.3045,-233.4457,220.3883,161.6215,-234.5727,315.1605,152.3652,-229.8135,217.7012,166.5051,-231.9766,318.4889,157.407,-252.7128,267.6553,169.8076,-73.6229,273.2411,196.1019,-250.168,266.7741,162.5885,-247.0932,258.5031,109.7714,-246.531,268.7079,109.1792,-241.0243,240.4607,138.0359,-240.8848,231.05,169.8733,-123.2372,262.3782,105.6055,-157.39,209.073,138.1418,-158.9689,323.0993,128.1603,-195.2342,213.484,214.5054,-200.7389,330.6649,205.8474,-235.7289,226.2122,183.1098,-236.0749,314.1,175.8192,-226.6139,224.0699,115.8813,-238.0041,226.1944,136.959,-197.1493,211.2424,204.3858,-203.8043,330.2933,197.1573,-240.698,237.4394,136.728,-242.9031,292.0263,132.158
CU034,-263.6405,182.7782,129.4641,-270.362,208.943,124.9379,-130.8952,173.9175,145.3755,-148.5226,277.2816,116.3401,-183.6474,154.6999,144.5595,-206.0039,272.8648,119.2784,-184.3405,211.2164,114.2458,-193.7996,238.6211,248.9844,-261.8781,193.2042,164.6484,-265.6636,213.6545,160.7745,-248.2713,155.8271,161.671,-265.924,251.4905,143.4133,-157.4076,157.9303,181.4151,-175.9152,294.4396,158.3904,-249.57,157.7763,174.0691,-265.2166,253.0721,155.5595,-247.5453,156.1263,179.775,-262.6176,257.0337,160.5656,-274.4017,206.6604,182.293,-104.8916,245.3676,196.8503,-271.7412,205.1721,173.041,-266.869,188.68,120.8896,-268.9796,201.5308,120.0119,-260.4915,174.5807,147.8551,-258.1643,172.4874,182.3431,-152.0605,214.8914,107.5383,-174.1323,158.0171,143.1028,-197.6962,273.0625,118.8569,-209.3924,165.1517,216.0217,-219.7784,279.4247,200.4439,-246.4229,166.9662,193.8361,-259.4916,254.2662,177.6018,-246.9989,160.2953,125.3428,-257.513,162.8233,148.6656,-212.7983,161.6889,204.5862,-224.207,277.0623,190.6398,-259.8412,173.4111,147.452,-271.0671,226.2186,139.8322
CU036,-259.7984,198.7244,124.0386,-262.5773,223.7992,119.9383,-124.0316,173.3053,140.4114,-136.4631,284.5451,114.6313,-180.7625,161.1182,149.5388,-195.7675,285.362,120.1845,-182.2715,217.2375,112.3323,-180.804,252.3618,251.2647,-250.8655,208.7415,159.0147,-252.6399,231.1769,152.5246,-241.5201,172.7614,159.6039,-251.9811,265.3875,139.3086,-149.662,171.0194,212.6878,-154.9567,312.1122,177.6276,-241.7123,176.3022,173.7756,-252.1761,267.7448,153.8744,-234.9007,172.4544,178.1156,-249.0926,274.527,154.8749,-263.9252,223.2246,176.6168,-88.3224,245.0411,173.9561,-261.2551,221.0027,167.0951,-259.6311,203.854,116.2068,-260.6443,216.3573,114.6273,-253.1791,189.9764,147.9783,-250.2327,189.4805,178.9424,-152.466,219.9758,103.1994,-170.9318,164.8542,148.7083,-186.65,283.871,120.1282,-200.2159,182.3418,223.3728,-212.0926,293.5184,197.519,-238.7644,180.5602,191.0815,-248.9113,272.2005,171.9691,-241.9541,171.5555,127.8842,-250.2067,180.2543,150.2743,-202.3587,177.1806,211.7009,-214.8516,292.4377,186.9519,-253.2375,193.3303,147.7618,-258.8633,240.0369,136.6553
CU067,-236.2605,224.6886,120.9576,-239.1967,250.5313,116.7257,-105.0676,195.995,153.9888,-110.6228,302.7205,136.1399,-163.5282,187.6131,148.6281,-170.0937,306.0314,125.788,-153.0593,242.9669,114.4662,-178.4664,265.0175,248.9986,-229.5479,234.0035,152.7082,-231.8327,255.2443,149.1278,-221.389,197.4374,154.6487,-227.5944,291.6137,135.4501,-141.5288,188.5215,194.735,-151.5409,324.3405,170.2806,-222.1834,199.8346,165.2266,-227.5297,293.5044,147.8606,-217.4147,196.7432,172.1481,-224.9418,298.6923,153.142,-240.5363,247.1601,176.1396,-86.4768,266.0412,203.9259,-236.8503,246.0311,158.4277,-236.5903,230.1067,111.373,-238.2202,242.2272,108.5055,-231.6356,214.6195,138.8858,-229.9192,213.7837,174.3051,-117.5819,242.3515,108.7579,-153.3874,189.5103,144.6795,-161.9272,301.9898,123.0711,-188.3447,203.9086,220.459,-198.4371,313.8658,195.5782,-220.9802,205.5051,186.8943,-227.8471,295.7916,166.4895,-220.5902,199.3426,119.9818,-228.9493,202.9851,140.3517,-192.7655,201.6278,209.1284,-200.2085,311.9287,188.213,-231.8958,216.1842,138.5307,-235.2529,266.7759,129.7807
CU052,-273.2801,202.6578,119.9337,-275.2997,225.8098,116.091,-132.2975,175.9952,142.1048,-153.129,285.6317,133.6103,-187.8552,160.1775,143.204,-204.5182,288.6979,128.1421,-190.6365,222.6174,114.4653,-196.7611,238.0905,250.7131,-265.3174,209.2146,155.9152,-268.6597,230.3427,154.3988,-255.6375,170.5836,153.3074,-267.8795,268.3991,140.5061,-172.9116,164.5304,201.2097,-187.971,303.9111,185.8504,-256.9179,172.468,164.6337,-270.4194,268.6599,154.4289,-252.5071,169.924,170.6867,-265.9344,274.0376,158.4933,-278.1754,222.9967,177.7411,-99.2484,237.5626,193.7375,-274.514,221.0962,164.9892,-269.3174,208.2115,112.4105,-270.1104,220.5907,111.4652,-265.7256,191.561,139.5848,-265.3111,186.5387,173.8876,-152.4816,223.9361,107.6898,-182.7105,163.776,139.4341,-198.7485,286.0707,125.8545,-210.0788,183.8844,230.3091,-221.8066,287.5506,215.9533,-255.1375,177.6434,187.8256,-267.616,270.0509,176.254,-248.9652,172.6127,117.2129,-261.7654,177.153,140.8962,-222.9935,173.0259,209.8555,-229.4009,292.5049,197.1051,-265.4084,189.2682,139.0085,-273.5906,244.9191,134.026
CU044,-233.862,203.7627,130.555,-238.0905,231.5543,125.9542,-95.9478,182.611,139.3193,-108.3523,287.3989,119.6859,-148.0827,167.2889,149.3204,-167.1822,292.874,127.2239,-154.4207,224.2626,107.1922,-155.8525,246.0951,252.039,-225.1884,212.5366,164.0938,-228.6484,233.7757,159.5921,-214.8434,175.2314,162.2204,-228.218,270.0348,147.1525,-120.9687,170.9335,206.0491,-141.2135,313.1375,181.1971,-213.1779,177.3524,172.5981,-226.0403,271.4492,157.806,-207.6371,175.1826,178.153,-222.5346,276.9186,161.1665,-234.2307,224.9692,180.1201,-64.7155,248.372,183.1153,-233.503,224.1218,171.8542,-234.4076,209.9918,122.259,-236.8234,224.1236,120.1976,-224.5593,192.8807,149.6061,-222.7836,192.37,181.5626,-121.019,227.6274,99.796,-141.3639,171.7934,141.8711,-158.5838,288.5063,120.7671,-167.6767,182.6619,227.8261,-181.1861,300.7542,204.5441,-208.3769,182.5639,192.8835,-222.3202,272.5616,178.4538,-214.0286,177.5552,129.9703,-222.2072,182.9264,151.2501,-170.775,176.6478,217.332,-187.1066,298.7785,193.3569,-224.8035,194.515,149.4761,-232.5744,247.0627,140.6975
CU032,-265.83,246.6949,135.7132,-264.1609,271.9061,130.9946,-137.5711,189.5236,126.0585,-128.9877,297.1924,110.2448,-196.9014,184.9606,138.8032,-184.3554,312.8369,118.8341,-185.1664,244.4225,106.2672,-157.5824,264.5044,244.0288,-249.4985,252.2832,168.789,-248.002,272.8485,165.1224,-248.9733,214.4213,165.2395,-239.3999,306.3029,148.5445,-154.5506,178.1827,181.4558,-142.3558,323.9571,145.7195,-245.3216,216.9713,178.5684,-235.6422,307.7144,161.1904,-236.1578,220.514,196.3694,-229.3841,311.8117,164.0761,-249.828,266.3608,187.2121,-87.6361,248.5467,167.7986,-253.2515,264.7725,175.8233,-267.121,251.7937,128.0219,-266.5609,264.9077,125.9798,-256.0743,235.6234,154.4252,-246.4988,229.3581,186.9481,-156.2938,241.5808,94.2792,-188.2946,186.4229,133.1179,-176.6992,307.1993,114.3528,-191.6753,206.4501,217.2263,-184.1928,320.3354,196.54,-239.3289,212.1381,182.523,-225.9014,309.1,181.7298,-252.7823,211.8282,133.3193,-255.5003,220.6386,156.677,-198.8404,205.3946,210.819,-186.277,320.4642,192.2422,-256.4183,230.734,153.7906,-251.3154,290.138,143.2609
CU042,-240.5388,259.6181,131.1406,-235.8616,284.5191,126.4024,-113.8942,193.4578,149.8241,-96.7276,300.6667,130.0462,-171.0025,196.8625,149.7184,-151.3853,318.2016,123.3024,-155.69,250.2442,110.8436,-151.4472,279.9397,250.4751,-229.2999,264.479,162.7626,-224.8698,286.0918,158.7244,-233.729,222.5623,162.5743,-213.6193,323.927,141.4578,-160.074,195.4818,189.6139,-126.7412,332.1332,159.5171,-232.5137,225.3744,176.5759,-213.6339,325.2982,154.6132,-227.3006,222.6216,182.9648,-207.8127,328.3639,160.5166,-236.9055,278.998,177.9622,-65.149,249.6334,189.3042,-233.8354,279.4826,170.464,-238.202,263.6335,120.4827,-237.3907,275.1539,117.5056,-237.4927,244.7425,149.7458,-234.643,239.9302,184.9325,-115.9888,243.6154,106.0432,-161.8408,199.0773,146.0724,-140.7348,311.3787,123.4554,-181.7764,219.3335,224.6537,-164.1985,335.4629,199.1774,-225.1386,231.3135,194.9731,-206.3591,325.7853,176.3858,-233.6418,222.4922,130.1748,-236.7103,231.0111,152.4835,-188.994,217.7906,215.6281,-170.1072,334.5576,192.8136,-236.7898,251.018,150.3471,-225.2965,304.6879,134.2024
CU060,-237.0967,218.7343,122.0331,-239.1531,243.5293,118.7031,-101.2461,191.1632,145.579,-108.2265,298.152,130.4988,-156.2644,175.3473,145.585,-167.22,304.8266,125.2981,-155.9128,235.9208,113.4533,-166.4406,258.2866,248.3821,-230.6601,226.861,154.8478,-230.8456,247.9277,150.9577,-222.7006,188.4839,155.6248,-229.8275,285.8618,139.4843,-134.5303,179.6996,199.7258,-144.7968,324.6315,179.0121,-221.019,190.9988,168.8788,-228.9585,286.8929,150.2457,-215.2219,188.5655,175.6729,-224.3775,292.6789,155.3384,-241.4399,240.3373,171.2654,-78.4977,254.1339,194.1877,-239.4255,238.9546,163.962,-239.514,223.6452,113.1732,-241.1433,234.9919,111.0782,-230.3713,207.4675,140.4489,-229.0813,205.6345,178.0064,-118.4012,236.2475,107.0225,-146.9805,177.4373,144.8396,-158.7727,302.4995,124.7853,-184.0455,191.9477,216.5904,-197.4133,308.1518,198.8065,-219.513,198.1288,188.8762,-227.6172,288.3931,172.7331,-218.9646,188.9236,123.0502,-227.2241,195.9294,143.7141,-186.093,189.9678,205.5793,-202.6108,305.9884,190.6764,-230.1612,204.9898,140.3665,-235.1392,262.0361,129.8946
CU045,-240.6489,223.0927,134.2,-242.8425,245.898,130.009,-109.8057,181.7889,144.0143,-115.9156,299.1256,127.1013,-168.2949,172.0502,153.4295,-172.5197,301.4023,131.7889,-166.8334,232.3663,115.0348,-153.8706,255.3447,250.5596,-231.0069,231.5811,168.4147,-233.3378,251.1476,165.7889,-227.2208,192.1088,163.8791,-228.4323,287.4308,147.222,-136.5112,171.896,180.1821,-143.1897,316.8714,155.4401,-224.5045,195.0587,177.7941,-226.1299,289.6577,160.1861,-220.924,192.2125,181.5384,-221.8186,293.0818,162.9636,-237.5036,244.4697,187.4713,-70.239,249.1229,204.9189,-237.2417,243.5319,175.6345,-243.3055,227.8712,125.4209,-242.9901,239.1456,123.8818,-235.8404,214.7715,150.724,-230.1042,207.6452,187.7087,-132.4439,232.7466,104.77,-158.7523,174.3495,149.0205,-162.8703,299.9671,130.1989,-177.3107,197.3811,224.4951,-179.8734,308.485,209.2856,-219.2058,206.2079,201.3402,-220.7555,287.8747,186.6089,-224.5943,195.0647,131.6216,-234.6306,201.2514,151.6632,-185.7597,195.7998,217.7841,-184.2818,308.6785,201.1945,-235.2421,209.2552,148.8937,-236.8799,266.579,139.6689
CU043,-231.714,217.9009,134.6438,-230.6662,240.9358,129.4325,-96.5877,168.653,146.122,-91.4626,281.2116,130.7402,-157.0762,165.9987,151.4964,-154.9734,288.0523,131.6084,-147.961,224.1962,123.3762,-146.175,246.9777,252.3934,-223.2338,226.3179,171.0194,-221.107,245.928,167.0744,-218.7293,187.3675,170.0914,-214.1079,280.4899,150.2445,-129.9186,165.1189,198.0393,-126.5778,302.7696,174.1567,-220.7561,191.4762,181.7169,-214.2361,281.4628,162.5483,-216.5498,187.6642,184.7344,-211.0347,285.1483,165.6479,-230.5033,239.1453,190.8782,-46.4335,230.5005,194.2589,-229.7619,238.6185,180.0467,-230.6857,223.1631,122.8563,-230.6905,232.2798,121.4819,-225.9178,209.773,154.4485,-225.4549,204.1025,189.6354,-109.6822,221.3877,111.8648,-149.305,169.7923,146.8277,-144.5566,284.7106,129.4846,-172.1063,188.813,228.6351,-167.1305,296.8584,212.2599,-214.7562,200.5747,205.5833,-209.4072,283.0444,189.4443,-217.1236,187.0191,132.1767,-223.9086,195.3813,153.5077,-178.3053,185.1461,219.6213,-175.2921,296.271,196.2492,-226.402,212.7077,155.0518,-224.1333,254.5954,145.4959
CU063,-247.4527,207.0325,113.2282,-245.9442,230.947,108.9779,-132.6498,175.826,155.761,-125.24,274.5154,134.8345,-185.2129,167.1217,145.2781,-180.2769,279.2085,125.3206,-168.8218,217.6475,115.6978,-200.1713,236.6139,245.7643,-245.097,214.8118,144.78,-244.5807,231.7011,142.2767,-240.3996,177.769,147.9758,-236.7206,268.7692,131.5213,-169.0077,165.6742,199.2116,-164.2967,298.7375,176.4911,-240.7357,179.0922,155.9996,-236.5267,269.3792,141.7639,-239.9375,175.3328,161.7628,-233.9938,274.2366,146.3036,-255.4038,226.9416,162.9518,-96.2083,230.8418,205.9595,-251.9507,225.1956,151.1713,-246.0446,213.8132,104.936,-246.214,222.7343,103.0684,-245.4725,193.7144,130.5021,-249.322,195.4691,165.2392,-138.1492,221.8705,111.8061,-175.538,168.9826,144.572,-170.1156,274.4266,124.0375,-213.6393,177.1727,210.115,-207.138,288.4982,188.568,-243.4146,183.2105,176.9673,-238.1976,272.399,162.2966,-235.5385,180.9062,117.3839,-246.094,185.7891,132.929,-215.2469,174.801,203.1356,-205.3096,289.1764,182.9856,-245.0787,195.3567,130.2677,-243.4087,246.9005,121.6464
CU040,-222.2729,267.5742,127.1022,-221.3423,291.7104,122.7993,-98.5384,224.0855,146.2051,-90.6504,325.8778,125.9972,-154.1307,218.9634,148.6372,-147.046,337.9028,124.7615,-142.8165,272.3819,107.373,-141.616,295.3359,243.7145,-209.9165,277.8899,161.2614,-209.0182,295.3119,157.7788,-211.4146,239.183,158.2553,-204.3533,329.5397,141.3465,-123.2768,216.565,193.4101,-113.5395,354.3403,176.5551,-210.8952,242.5737,171.6523,-203.5744,331.7235,152.7017,-207.869,238.139,174.0649,-199.9874,336.051,153.1399,-215.2803,290.1084,173.9135,-55.2474,283.5448,178.9608,-215.1836,287.6863,165.5481,-222.0483,272.4278,119.2702,-220.5607,283.96,116.7927,-217.9762,261.363,146.0738,-213.72,255.5633,179.0679,-108.5324,268.6516,102.6309,-144.5242,220.5782,145.8046,-136.1071,332.862,122.6744,-170.9657,238.6693,217.8627,-162.9084,348.0312,196.4379,-207.1445,249.1386,190.6081,-199.4335,333.0374,175.0275,-209.1111,240.5204,128.0039,-216.3037,246.797,147.8866,-178.455,234.711,200.5793,-171.1046,345.8171,184.4177,-218.3055,259.5746,146.1541,-214.9146,307.3077,135.9071
CU041,-223.3246,268.876,127.1705,-222.1009,292.6176,121.9879,-108.0259,222.8347,149.1872,-89.0156,325.7448,127.4373,-156.6458,222.4701,149.8813,-147.5812,337.3313,127.1953,-140.4789,271.7713,109.274,-150.4733,298.8564,248.7498,-215.7293,276.7234,158.1477,-214.7446,297.7937,155.1411,-213.4208,238.2839,157.5262,-204.6007,332.0306,140.3477,-135.0209,221.5509,192.8665,-116.6134,346.9954,165.638,-214.7513,242.6051,173.6621,-204.8244,332.7494,152.4451,-210.9096,239.887,176.9663,-200.2485,336.8882,157.6576,-223.5698,292.907,175.7138,-54.1091,279.5795,195.7638,-221.3137,289.6378,164.8968,-225.0903,274.4888,119.0679,-224.2883,284.7743,116.8901,-220.7776,258.4006,143.5815,-219.0902,256.2412,178.5145,-109.9031,268.1823,101.561,-148.4049,223.7226,147.7027,-137.2884,331.841,124.4766,-176.3627,244.5762,221.4475,-165.0053,345.2505,197.9013,-212.4438,249.2894,188.9942,-203.5034,333.0808,172.4031,-210.1376,241.8088,128.8173,-219.5757,248.2894,145.9289,-184.3426,239.9471,203.8762,-166.1089,344.9018,189.2739,-220.7389,255.8136,143.0927,-216.0249,310.7735,132.5801
CU035,-274.9706,188.3906,137.2645,-279.6748,214.2648,130.5733,-137.4899,170.105,143.9585,-157.1043,273.856,121.1849,-194.773,150.3673,150.994,-214.7743,276.5818,122.9522,-194.3939,208.4979,110.736,-187.3192,241.0639,248.5598,-264.0091,198.5808,171.0239,-270.11,220.4287,166.1655,-254.5635,161.1258,167.2486,-270.8748,256.8235,146.83,-172.1819,158.0143,187.0577,-198.2987,293.5203,158.1927,-251.1533,165.7423,180.7152,-268.3936,258.927,158.8243,-247.4113,163.5097,184.9036,-265.8258,263.4252,160.4125,-270.7618,214.8093,188.5878,-105.2881,241.4603,189.0577,-271.8836,211.9915,178.594,-273.963,193.1464,126.5924,-276.7125,207.6581,123.6536,-265.6619,177.335,156.3532,-260.1108,180.6521,191.2435,-161.1132,213.7282,103.7247,-184.877,154.2094,147.1576,-205.043,275.1197,120.5665,-207.358,180.2724,219.8123,-227.3908,279.682,199.644,-246.3542,180.848,202.6275,-261.1068,256.944,184.1664,-256.0558,159.9667,132.6126,-262.7267,167.0766,158.2676,-214.1289,174.9362,211.7776,-231.1566,278.1857,188.4923,-266.1105,179.3853,156.3801,-275.7573,232.317,143.1424
CU025,-277.4363,194.0263,103.4976,-278.6955,219.655,101.2636,-151.1972,173.1964,149.8043,-163.7136,279.8279,134.6963,-200.5897,158.0453,143.5375,-214.4784,278.5073,129.6174,-193.9561,216.9904,112.6126,-233.2762,234.0903,239.3103,-275.7609,202.476,138.0248,-277.7398,220.6215,136.3168,-266.1143,164.1846,135.6844,-274.3515,258.5153,124.7697,-182.786,159.0417,187.9098,-187.9066,297.7933,183.7132,-269.3687,168.4496,151.1478,-277.6237,257.6894,140.2849,-264.8314,165.5409,156.1398,-272.716,262.3172,144.9778,-286.203,213.3721,156.199,-126.64,237.3485,201.9662,-283.847,212.2628,144.0912,-277.2042,199.2414,94.0712,-278.6248,211.3314,93.058,-274.5423,184.709,123.1314,-275.6145,177.684,155.9037,-157.4069,220.9251,114.487,-193.8968,162.4251,138.1788,-206.1336,274.6622,125.6969,-234.6021,170.9825,208.3033,-246.7893,277.4577,195.3246,-268.673,171.453,168.3692,-275.0717,260.8161,156.5995,-258.8036,165.8055,105.1628,-270.6899,171.5084,124.5541,-238.5575,165.4278,191.1318,-248.1566,278.9341,183.3243,-274.2761,182.476,123.0168,-278.5827,236.0293,116.5433
CU047,-242.047,245.6169,124.6611,-244.6768,272.5482,123.2445,-110.0971,216.2083,139.5986,-118.8195,325.3096,127.9577,-163.157,207.3551,142.0082,-177.3888,328.1321,128.7455,-159.4986,266.1096,107.841,-168.0448,279.6918,251.8485,-235.0094,251.6915,159.9743,-237.9337,274.3062,158.3784,-225.7614,214.992,151.9746,-233.2204,311.7901,144.4931,-138.724,203.6956,187.1637,-143.9648,343.4756,179.1529,-225.0586,215.0109,165.7502,-233.0179,314.0189,156.8534,-219.6401,211.9496,171.6198,-228.2229,318.6431,160.1213,-244.5329,263.5166,179.9806,-65.9986,280.3666,180.448,-242.9067,262.7775,170.259,-242.051,252.8996,116.9546,-244.2568,263.8533,116.1493,-236.2924,235.4765,141.9681,-232.5784,227.1138,176.2261,-126.2918,267.9742,100.7854,-155.7232,212.1749,138.496,-166.0467,324.9517,125.4536,-173.3144,213.6036,220.3741,-184.9093,333.1078,206.7373,-221.9656,215.9901,186.4823,-226.7531,317.2611,181.3868,-228.2108,219.5246,119.3163,-234.6195,224.8382,141.5556,-187.7741,211.8196,207.4575,-190.4383,332.2486,198.6862,-236.5273,230.9099,140.7882,-242.4394,291.3655,135.7864
CU002,-284.6245,258.1197,126.5715,-283.2191,281.3307,123.8291,-161.1047,211.7809,142.6418,-153.239,318.2069,126.7002,-216.8918,209.8261,148.3596,-209.9812,327.9073,125.6178,-207.2466,265.4373,117.2479,-203.8622,285.1112,248.9494,-275.5067,266.8403,160.9303,-274.8177,284.2365,158.0305,-272.3902,228.1401,158.2326,-267.2689,319.6499,143.4392,-180.1244,206.8094,210.9624,-170.6101,347.5733,187.7637,-271.5014,231.1734,172.3807,-265.7978,321.7333,154.9971,-266.252,233.9561,189.4739,-262.602,325.2849,159.7526,-281.5842,279.5619,179.3003,-118.7223,266.3172,176.2833,-281.6848,277.6145,165.8663,-285.8206,263.7571,117.8406,-284.6453,273.8183,116.4991,-278.8696,249.6643,143.4175,-277.4186,249.4993,180.8549,-174.7225,259.1696,103.3853,-209.4507,212.9173,144.0236,-201.9327,322.5959,121.5045,-231.763,224.1967,214.8684,-224.272,338.7106,196.7375,-267.7036,227.4302,175.9228,-261.3407,324.3483,175.6141,-270.6985,231.6647,125.7267,-278.4176,240.2743,143.8015,-237.061,223.5965,206.3901,-229.6716,337.2137,189.9691,-278.6335,248.7078,143.3691,-275.6922,295.4023,134.3902
CU010,-239.3956,234.0137,128.0183,-238.7636,258.362,125.292,-104.795,191.3311,135.0485,-103.526,296.0499,126.4649,-164.9627,182.4881,138.6889,-161.9243,310.2395,124.9144,-159.4586,242.1884,106.2514,-153.9971,256.44,245.9192,-224.8493,238.9134,158.2223,-224.1123,259.0154,156.2,-223.6674,200.9264,152.9458,-220.397,296.3449,144.0957,-140.3311,177.8538,178.7407,-133.43,322.575,164.3852,-219.5773,203.2173,166.9024,-218.2246,297.2608,157.3154,-215.8221,200.6771,170.6225,-216.2998,299.6545,161.2011,-233.2069,251.174,181.4519,-67.6108,246.0506,173.5298,-230.8294,249.4288,169.4093,-241.465,239.3469,119.7094,-240.249,251.4719,118.2113,-231.9232,223.4116,144.6821,-225.5292,215.2724,176.1576,-127.2199,239.0755,95.0204,-159.798,184.7146,136.3267,-154.6024,306.3161,123.487,-175.9814,198.7939,208.6455,-175.8209,310.0538,197.26,-216.6818,209.6933,187.1051,-215.7856,294.3254,177.6932,-226.6556,203.0125,118.8694,-230.982,208.2595,144.4632,-184.3081,197.2988,200.8415,-181.8745,309.4323,190.0279,-231.7238,221.8388,143.6936,-229.8067,273.3337,138.0885
CU009,-239.3538,231.2623,126.6015,-238.7504,254.2161,123.8434,-99.2916,188.9131,140.0169,-97.0401,293.3351,129.6907,-158.6673,179.7601,139.7852,-157.1587,308.0427,129.5501,-152.782,240.8698,101.4134,-143.0068,243.4775,249.0359,-225.4194,235.2877,156.6487,-225.0319,255.1489,156.0942,-219.9275,195.0972,152.0477,-218.5255,294.6129,145.1892,-138.7066,175.7454,181.9352,-138.9595,318.7674,175.1967,-219.4785,197.1974,165.5366,-217.7791,293.8778,158.1427,-215.6682,194.3258,168.6686,-213.9274,297.5868,161.4849,-231.4691,247.359,176.7093,-54.063,244.5784,180.9783,-229.8561,246.2248,166.5851,-238.7246,235.7368,114.4988,-238.4205,247.7274,113.8012,-229.0777,218.8042,139.4012,-225.7013,211.7018,176.1868,-115.4779,238.3731,97.1376,-152.2379,181.0347,136.6982,-150.3666,304.3008,126.6049,-178.1493,188.4759,206.5204,-177.5619,308.9769,197.5007,-216.0543,202.4537,184.8258,-213.1033,292.5869,179.6732,-221.3198,200.2446,116.2969,-227.6536,206.3118,139.4828,-183.9073,186.9976,196.3407,-180.0394,309.4622,186.0077,-228.0525,214.4784,138.6292,-226.6367,272.436,134.7193
CU016,-228.5785,250.1163,126.6334,-233.2945,272.3675,122.1169,-94.9838,234.8126,154.0077,-114.6452,342.1284,133.0636,-144.4046,217.8457,150.0325,-168.2005,341.5211,129.0198,-149.714,277.1134,115.1379,-167.1687,296.8491,247.162,-224.1122,257.9893,158.2723,-229.972,277.2883,156.1037,-210.0398,222.0494,153.9559,-229.0878,313.7348,138.7941,-128.248,220.9478,200.1436,-143.0176,361.4213,175.514,-212.3796,224.1353,169.7769,-231.3488,315.2969,154.1896,-209.437,221.3636,174.1996,-228.7727,321.4951,157.7815,-234.7281,271.5475,179.22,-78.9735,306.0721,209.6333,-232.1309,268.0781,166.0095,-228.3174,253.8166,116.6821,-230.8829,265.19,114.337,-221.1009,241.7429,143.0924,-220.3527,232.7075,177.8317,-109.4379,281.561,111.9185,-136.7117,222.8588,146.8238,-159.7794,338.0459,124.7776,-177.6017,228.4382,218.8116,-199.8672,341.9646,197.5444,-210.5575,229.4389,189.0331,-228.3539,318.3185,176.581,-206.4297,227.2555,129.533,-214.7175,229.8022,144.4511,-181.4169,224.9496,209.0103,-204.0798,339.7684,189.9667,-222.2173,244.6264,142.5754,-231.3812,285.8593,134.8356
CU004,-232.5718,247.7614,136.8663,-235.4992,273.5387,132.8057,-95.0251,217.2984,136.9577,-105.1159,326.2761,123.1061,-153.342,206.3852,145.2,-166.3237,333.3894,123.0629,-153.108,265.5894,112.8629,-146.1921,286.8712,249.0016,-224.8316,257.1893,167.0081,-227.7714,278.1541,165.261,-216.6676,220.1826,166.2004,-226.4431,312.6073,147.6756,-131.4992,206.727,183.8377,-143.4805,350.7573,166.651,-216.679,222.3953,176.9688,-225.3671,315.9173,160.9033,-212.6362,219.7616,181.6991,-222.5129,320.5774,165.3503,-232.8261,270.3015,186.1748,-57.517,284.1966,195.4321,-231.6915,268.1259,176.6889,-232.7908,253.5353,124.7326,-233.9646,265.0743,123.1574,-227.1283,239.9165,152.5637,-222.9132,234.4267,184.7307,-116.627,266.6845,105.568,-146.1242,212.0436,140.1823,-155.9319,330.0608,121.3786,-167.3347,225.3061,224.4904,-182.0481,338.572,203.8753,-208.2014,228.1893,201.6085,-217.0549,319.6762,188.06,-215.2418,219.7412,129.0714,-224.46,227.5759,153.0075,-179.8622,221.7873,213.083,-191.2153,334.963,193.6421,-226.5807,237.4379,152.2257,-231.772,291.7258,142.7598
CU003,-265.3659,237.3295,130.7806,-268.8668,261.9969,127.7511,-126.0136,213.436,137.3411,-137.82,323.1248,125.4498,-182.6003,193.4055,140.4738,-199.8297,327.2921,123.3665,-185.4191,257.4225,104.2455,-172.2627,277.1873,246.3112,-255.0169,246.5654,168.7684,-257.9512,266.7498,164.9346,-246.8535,208.3464,161.4841,-256.9357,303.5437,150.0588,-151.777,197.8664,182.3608,-174.6603,343.72,165.0662,-244.3593,211.3858,174.9399,-255.1516,304.4297,161.7557,-242.2236,208.3663,180.7232,-253.8482,308.7825,165.4911,-262.5148,259.2655,187.3926,-91.8875,279.8655,178.0275,-262.0862,257.8701,177.3082,-268.1358,241.7005,123.4856,-270.1954,255.0461,122.5379,-258.7333,230.0771,150.6256,-250.6306,224.2676,185.4906,-146.9991,262.1992,98.706,-174.7697,196.5507,137.5787,-190.2158,326.0353,118.6396,-195.557,218.8939,228.023,-213.8144,326.9019,205.9485,-240.8076,218.0541,195.6167,-250.7564,304.9011,184.1406,-246.041,209.2962,125.168,-255.4599,215.4641,151.5179,-208.9631,210.1436,211.4489,-224.2809,323.3677,190.4435,-257.621,225.2012,149.5575,-264.6911,282.0775,142.0228
CU005,-222.6505,260.6731,125.3624,-223.348,282.843,121.6885,-77.7088,226.5536,147.2327,-83.679,329.7565,122.2253,-141.7673,212.7844,147.507,-145.8807,338.6309,120.4019,-142.4674,270.0588,111.3999,-145.5066,304.275,249.8647,-208.9814,267.7075,160.3721,-210.3989,289.6802,155.7591,-201.0203,225.9416,158.0432,-204.0419,327.228,137.2852,-129.409,216.4268,194.3644,-124.0865,357.1891,162.3665,-199.4983,229.8158,173.2867,-203.2745,330.1829,152.2769,-197.3608,227.0209,177.1845,-201.2255,334.1322,154.4599,-218.4185,283.967,183.2394,-46.3128,289.596,187.562,-216.6132,281.2661,170.2585,-223.8483,264.7741,115.4915,-223.9383,273.8912,113.7681,-212.4657,247.255,146.1263,-208.8414,244.8723,181.5641,-103.7826,270.4317,101.9901,-132.3501,217.765,143.4776,-134.1259,336.7877,117.6215,-161.3976,235.2261,219.7349,-164.3568,350.154,200.4645,-198.5429,238.0372,196.0541,-202.1339,333.2919,177.1591,-199.8114,229.2343,126.2225,-210.4421,234.7375,147.6028,-167.3436,231.7593,209.6109,-170.8863,347.7712,187.9378,-212.4894,249.3821,145.9333,-213.8511,301.6349,134.4614
CU007,-228.3725,259.7915,124.6418,-228.2795,287.0327,118.723,-91.871,222.121,147.9281,-98.1622,325.8707,132.633,-153.091,215.9543,144.4907,-151.2649,333.0415,121.4564,-146.1694,268.588,105.3872,-161.4319,297.0656,240.6207,-218.3151,268.8254,156.5243,-221.1,290.9414,153.015,-213.8863,232.4926,157.0674,-213.6924,324.4491,137.9647,-140.7467,221.4962,197.078,-130.1191,349.0783,157.9829,-214.703,236.8165,169.3619,-215.1305,325.5285,151.3611,-211.5022,232.8,174.6348,-213.5947,330.3891,155.8643,-229.1464,284.0887,173.4342,-64.1736,282.8167,184.5923,-226.7707,282.0595,162.0164,-228.3758,265.356,113.6646,-227.5708,277.3474,110.8487,-223.0515,253.0733,143.7014,-220.9969,250.1897,175.6832,-106.1436,266.398,99.1607,-143.2106,217.841,143.1242,-145.0095,329.0803,120.5529,-170.7989,239.9255,222.0272,-170.545,344.1385,197.689,-213.5635,243.1139,189.285,-214.1001,327.5265,171.3478,-215.1311,231.5612,122.9189,-222.9689,240.966,145.7324,-181.269,232.0791,204.8633,-175.4272,345.3499,184.8212,-224.1935,249.6961,143.6872,-223.9881,302.1149,133.1954
CU008,-232.0231,232.7646,122.6508,-232.9604,256.5148,119.6516,-96.7001,196.848,137.8082,-112.4079,309.3381,127.6377,-151.4352,186.604,140.0005,-162.1006,314.7501,125.7341,-151.3611,247.518,105.1893,-154.8551,266.7892,251.7526,-224.0108,239.69,158.6782,-225.0941,260.8634,156.1984,-213.2011,199.0502,150.7986,-222.0638,298.5456,138.6683,-138.0231,185.4214,179.0518,-142.3361,328.5276,153.1896,-214.4548,200.6999,165.8848,-223.9861,300.9103,152.184,-212.1026,196.8916,169.8238,-221.4229,306.4075,158.192,-233.8956,251.6584,175.8856,-67.0448,263.6675,183.2553,-231.5076,250.7046,166.8041,-231.4799,237.0107,112.6517,-233.1243,249.9836,112.4709,-222.9366,218.8,139.7322,-223.6944,215.6371,176.069,-115.2135,248.8001,96.3309,-142.9388,188.6213,138.4262,-154.4386,313.1126,124.2486,-163.718,202.8353,221.7074,-181.6274,320.3628,208.7142,-211.0301,205.92,189.3244,-222.7789,301.8484,173.7728,-212.0761,203.9753,117.3229,-220.3033,208.0441,139.9483,-175.3231,199.0041,207.3621,-182.8461,321.1302,199.4888,-223.9295,222.598,140.525,-227.829,272.5373,134.3986
CU006,-224.6544,255.1932,118.9393,-224.8327,281.0893,114.8067,-96.3075,218.1625,152.39,-93.1414,323.1156,133.6382,-150.63,205.8153,145.5379,-151.8285,334.4731,121.1059,-141.4111,265.0747,105.3508,-148.7402,293.2401,248.8975,-221.0452,263.4004,157.7374,-221.0833,284.247,155.745,-213.9374,224.3062,154.8416,-212.2498,321.1601,138.4605,-130.9936,210.122,195.975,-134.6556,349.5915,168.6897,-215.266,226.4936,168.6775,-214.9005,323.4591,151.0623,-212.9129,223.6138,174.7855,-212.6767,327.7458,156.8519,-232.458,275.7406,179.433,-63.1095,279.9173,188.8131,-228.0822,274.8868,164.3294,-226.3181,260.6268,110.0883,-225.3385,273.0239,108.9871,-222.221,247.1889,143.3905,-223.0244,241.0801,178.0687,-106.5226,263.6072,103.9199,-144.1786,208.5958,144.6555,-142.2869,330.8898,121.7321,-177.1945,227.2209,214.0294,-175.9328,339.5356,192.4167,-213.819,235.9313,191.1523,-213.2412,321.9914,177.2355,-214.8187,224.6624,122.0891,-219.8185,233.0167,143.3808,-181.3567,223.8005,202.5186,-180.3734,337.6566,184.6133,-222.43,244.7325,142.3036,-220.6373,295.9898,133.5919
CU015,-264.2174,238.4114,121.685,-257.2118,263.8133,116.238,-147.4982,178.9886,151.2089,-126.6077,277.814,133.59,-202.4649,183.6449,142.0747,-176.2771,294.6161,128.5846,-183.0415,234.0835,108.7801,-189.4111,252.6599,244.5192,-257.1131,244.7212,152.9521,-252.124,264.2187,150.3618,-259.581,207.6661,150.8483,-239.0754,296.6082,139.0358,-179.9245,177.3897,190.0816,-149.337,301.0186,162.2965,-259.5733,209.0304,162.2652,-238.6631,298.7156,150.8867,-258.0063,207.555,168.0402,-236.0456,300.5274,155.8871,-262.6834,258.8316,167.7892,-100.2869,224.6388,190.1075,-260.65,257.5184,159.5455,-260.2698,243.3934,110.9634,-257.5147,254.6923,108.9281,-261.9659,230.4996,138.3616,-263.8148,224.5996,171.3463,-147.2575,224.5951,107.6071,-194.8019,184.5309,139.7095,-172.8591,287.5008,124.5238,-225.2679,200.2797,206.2567,-201.0349,303.4777,188.7625,-257.0619,215.1537,182.348,-236.8543,298.2999,169.3716,-254.3719,211.1053,121.0975,-262.2838,217.3165,138.353,-229.5053,199.6201,197.157,-204.18,303.262,183.5973,-262.1918,226.7763,136.3477,-249.9697,277.8264,129.8247
CU011,-227.2537,236.5474,121.3244,-224.9604,261.8893,118.7192,-98.3543,197.6441,144.9933,-90.5677,293.5363,137.1991,-157.8284,188.8566,139.2755,-148.0185,304.2065,129.2963,-144.6919,244.3367,111.3632,-155.2038,257.678,244.9136,-220.6761,243.2194,153.1038,-219.4198,260.5917,152.8693,-218.8528,205.5873,149.8937,-209.6723,296.5025,140.7695,-134.961,181.6948,198.3393,-131.9075,316.274,184.1168,-219.9977,206.7369,160.1734,-210.3671,296.7167,152.3846,-217.4033,204.4835,166.1262,-208.4182,299.6909,157.571,-231.377,254.8008,170.0718,-66.8352,243.407,187.8633,-227.9247,253.0379,159.6502,-226.2099,242.4343,110.0906,-225.1387,253.6757,109.236,-222.9844,228.3607,137.3131,-226.5216,222.022,170.1116,-110.2746,240.722,106.2879,-148.6397,188.8214,139.6186,-138.9738,302.3568,128.8537,-181.4477,203.187,216.3654,-170.8982,304.7263,207.6169,-219.8178,214.8277,185.3943,-209.1659,293.8951,181.1735,-216.0908,208.4147,114.2871,-224.5878,213.4202,137.5802,-186.4271,200.0639,206.2158,-175.5202,306.2193,194.5488,-222.8365,226.6119,136.5156,-219.8535,272.7115,133.4167
CU012,-224.9917,235.3771,115.1831,-224.1357,258.6551,112.7566,-98.4015,192.9982,143.5285,-85.0748,292.9444,133.1101,-152.7322,185.935,140.7429,-147.8204,305.675,127.1584,-144.4519,245.1808,109.568,-164.9079,253.9238,245.0239,-223.4068,242.1153,149.0475,-222.3276,260.4156,149.4297,-215.5879,204.8567,141.5324,-210.5663,295.7809,134.0766,-150.8765,179.8885,193.5869,-136.0994,320.173,181.5501,-219.4096,205.6188,156.8787,-212.9294,297.7688,148.8959,-216.5116,202.3374,160.7955,-209.2655,301.9445,152.676,-233.3879,253.4122,168.2601,-69.0158,246.3206,190.6949,-231.5982,253.3818,160.2766,-223.5766,240.3897,106.3717,-223.5779,251.4135,105.0847,-223.5147,227.0437,131.1889,-225.3256,219.5285,165.7231,-108.318,241.8871,103.5655,-143.6855,189.8911,136.8941,-136.2524,301.089,125.7532,-187.4422,200.2231,215.0055,-176.3302,312.7273,197.0427,-220.34,208.752,174.6056,-212.3977,299.0341,168.3913,-205.6413,207.2482,111.8721,-219.9503,211.7557,130.9971,-196.9014,194.6509,190.8167,-177.6338,313.3813,188.9447,-222.8355,223.0129,130.1832,-219.4254,274.0555,127.3336
CU013,-275.9912,206.4708,121.1099,-278.3772,235.3067,115.268,-136.6557,186.1422,157.157,-148.9192,295.0109,142.3989,-192.9537,169.9788,148.2191,-207.1424,294.3499,131.0479,-193.9065,228.9606,114.017,-205.4377,243.7105,257.1293,-270.6079,211.9309,153.7924,-274.4046,236.0968,151.1515,-258.3335,173.7135,151.2947,-270.9055,275.4907,137.4427,-174.4117,168.6854,202.9116,-189.793,313.883,179.9741,-259.9993,175.4552,164.301,-271.8189,276.4208,152.534,-256.6384,173.5008,170.344,-270.5163,280.1595,158.9669,-280.8608,226.1041,174.3138,-110.5993,249.7788,202.9988,-280.7065,224.6935,164.7596,-275.5514,213.5122,106.8738,-277.2455,226.7947,107.2679,-270.2677,194.5483,137.9062,-270.4969,189.37,174.1149,-156.2549,233.1067,109.442,-187.2182,174.0251,143.9458,-202.3062,290.5349,127.8754,-220.6994,183.6528,231.2096,-236.3554,297.8958,207.7549,-262.3495,181.3743,186.085,-272.2231,275.3022,172.4478,-257.2911,180.199,117.3249,-266.89,182.3705,138.1486,-223.1895,175.9525,206.9047,-239.7539,293.8393,187.4278,-270.0921,193.6196,137.9039,-276.3792,254.4445,129.6154
CU014,-277.9334,241.4142,129.0033,-277.0588,267.0195,126.1044,-136.9148,195.6671,150.5534,-137.0914,307.534,132.2091,-200.2572,185.6986,146.4936,-195.2111,315.6376,124.1465,-187.251,247.3561,113.7504,-181.7298,266.8771,254.1312,-265.0144,248.0734,165.2478,-264.2838,268.0833,161.991,-260.8441,209.5343,161.9384,-257.1329,303.4284,147.274,-180.3148,184.5845,203.7879,-169.8615,331.7245,171.4089,-259.5587,210.7575,173.5381,-254.7155,305.3886,159.274,-255.0334,208.0723,180.0419,-249.7713,310.3624,165.8454,-270.6187,260.6392,184.8271,-102.0906,255.3504,185.473,-270.3613,258.7563,172.4475,-278.3345,247.1362,120.4999,-277.416,259.6894,118.5878,-269.5404,229.7223,152.8678,-263.8977,224.3997,182.5519,-153.7846,242.7307,107.9661,-193.7272,188.1181,142.5089,-185.4375,311.0499,123.1447,-214.9671,205.8289,224.4128,-211.4212,320.8914,205.1046,-254.791,215.1689,194.2778,-250.2116,307.8117,180.3242,-263.4817,204.7718,125.8632,-267.1704,215.8786,153.6431,-221.7507,204.3258,215.9742,-215.9469,320.0683,198.2122,-269.8062,233.6612,153.5115,-267.2433,280.0993,144.8571
CU057,-231.66,209.8865,116.8787,-233.9784,235.7856,114.2441,-95.4952,186.3711,149.3016,-100.7737,295.9633,130.2792,-148.555,169.6185,148.5833,-156.7633,296.2225,129.6677,-149.8261,230.2497,110.8465,-158.8011,248.3004,250.8923,-223.702,218.2247,158.9444,-225.1074,238.4761,157.0641,-215.9376,178.5764,156.98,-223.5037,279.0266,141.761,-138.4626,170.0295,192.38,-146.8858,307.7426,174.3305,-215.0116,180.2129,170.476,-222.0482,279.4783,156.4938,-210.0468,177.5416,177.396,-217.8153,285.5078,162.9613,-230.5116,231.2839,182.5281,-62.5711,251.0216,192.2681,-230.2077,228.5243,168.3168,-233.3389,215.4082,110.1514,-234.0219,227.6492,108.0767,-225.688,199.0686,141.5675,-222.8311,193.0835,180.0773,-111.6469,231.963,108.0788,-144.3739,173.7314,144.21,-151.1599,292.8038,126.5536,-170.0266,185.6358,229.164,-172.3082,297.5829,213.9,-211.7116,188.3334,197.3932,-215.3324,280.6492,185.0636,-211.7012,178.776,118.6444,-223.2511,184.5502,145.1883,-180.2234,180.519,213.4595,-183.7587,296.5986,194.9963,-225.65,196.4725,141.2491,-229.7301,253.3835,133.0415
CU075,-254.3016,222.2338,115.6838,-258.5773,249.0192,111.5395,-122.2999,210.7816,146.1085,-136.7541,312.7815,127.4434,-175.9526,191.5782,143.021,-194.9353,308.7434,122.2287,-174.1942,247.5278,110.809,-195.515,267.2825,244.1828,-252.6709,230.7262,150.9046,-255.6087,252.7218,147.8113,-239.3047,195.4543,149.2151,-251.9148,288.1584,133.6861,-163.3412,191.8403,186.4728,-177.0642,329.0533,159.3875,-241.7896,197.296,161.4351,-253.0992,289.8645,145.4419,-238.3211,195.1293,166.0914,-252.3549,293.8116,150.8211,-262.122,244.5259,169.9403,-99.2083,274.4998,195.2899,-259.9944,243.2223,159.1828,-251.9942,228.3985,109.0469,-253.9335,241.4577,106.6295,-251.7617,213.3048,136.1495,-250.5152,210.387,169.5377,-139.2211,253.7145,108.4062,-166.206,196.0393,141.0804,-181.7114,308.4424,122.754,-208.8458,198.4025,203.9347,-221.1981,314.0157,182.408,-241.446,201.4691,176.8788,-252.6133,291.4943,161.71,-236.5878,198.8712,118.5241,-246.755,201.4518,136.4115,-212.0708,197.2114,195.5142,-228.2785,308.8736,175.6315,-251.1425,209.9619,134.8295,-258.0446,266.2039,125.9232
CU073,-250.7836,226.5299,117.9066,-250.0585,252.022,112.2341,-122.2082,189.8247,156.9534,-114.3972,296.8014,137.124,-184.7824,180.2327,146.338,-176.9795,304.7958,125.4548,-168.1701,236.4717,106.212,-193.3569,259.0528,248.6101,-246.6143,235.1602,150.7081,-246.6509,255.7433,146.7619,-243.2721,196.9592,148.7054,-237.8687,289.9328,131.8255,-157.7105,181.2927,195.7113,-155.5168,318.5026,174.4629,-244.915,200.0591,161.1027,-239.4891,292.3908,144.0585,-242.7271,198.1277,169.5967,-237.3089,295.6584,150.5066,-259.7009,248.2569,168.2194,-88.5971,246.261,194.5448,-255.1369,247.373,157.725,-250.7215,232.9364,107.9408,-250.5889,243.4534,105.7141,-249.8455,217.7515,136.0165,-251.411,213.9373,169.0985,-128.7533,234.2089,107.0143,-177.1495,183.9544,142.3445,-169.8929,299.328,122.3689,-211.3827,200.3483,221.3566,-208.3244,309.3984,196.8754,-245.9218,206.0767,184.0835,-241.7185,293.1202,166.0862,-239.409,198.5169,118.3335,-249.0394,202.9535,137.0053,-216.9817,196.7168,208.1525,-209.063,309.5273,190.1669,-250.0117,210.7406,135.2791,-247.0034,273.7144,124.1017
CU074,-253.6567,232.024,115.2667,-257.1484,259.185,113.2888,-127.1736,206.42,148.3809,-139.9645,316.9294,136.9988,-176.9374,189.2901,144.4802,-189.5755,322.3542,124.0034,-178.3294,252.6095,113.8227,-188.3026,271.5514,248.6283,-254.103,237.6461,151.7181,-257.5275,261.9182,149.7957,-239.0936,198.2438,147.9729,-250.8312,302.373,136.4378,-167.1588,189.5454,177.9179,-177.8234,335.9376,159.0617,-242.0365,200.7246,164.3692,-253.1598,302.9649,147.5524,-235.823,198.3264,167.6215,-250.5261,307.5533,151.848,-265.5155,250.7285,167.083,-102.9788,269.3546,185.8002,-263.6242,249.7105,156.4449,-252.3271,238.2846,108.9069,-253.6203,250.851,106.8478,-249.018,218.67,133.3136,-251.3222,212.9942,172.5478,-145.0735,255.138,106.6625,-170.0925,193.9913,141.5273,-183.2571,318.6898,123.2411,-201.2811,204.9476,213.3733,-220.2485,322.1367,194.1709,-238.1216,206.1559,185.406,-251.4657,304.5583,169.1273,-235.1964,206.0907,117.0484,-245.7516,206.8312,134.0997,-208.968,203.0055,205.0137,-222.0112,321.8212,187.5965,-248.4052,215.6652,132.2052,-255.9103,277.5095,124.2677
CU071,-236.8899,207.7695,123.3299,-241.362,233.1973,119.6474,-109.1699,190.9738,146.1998,-119.296,294.0905,130.0629,-166.9059,172.4189,142.6828,-181.2683,295.1847,123.9246,-165.6695,233.098,121.5246,-173.1434,250.1334,249.5352,-237.2599,215.9662,159.6736,-239.0597,236.4804,155.0002,-227.6103,179.5003,154.7007,-237.9553,273.2808,139.9053,-147.1951,172.2349,189.7852,-168.6668,311.286,175.1391,-230.3453,182.2899,167.5521,-238.2652,274.7005,151.6127,-226.5829,177.9892,169.612,-236.9498,278.5023,154.7058,-248.6297,229.1647,177.4488,-78.8668,254.3963,187.4649,-245.8498,228.1746,168.3238,-238.1798,213.4961,116.0299,-239.2033,225.5331,114.2526,-234.737,200.3834,140.4114,-236.8281,191.8082,175.3529,-126.5922,236.9406,109.4398,-156.9822,175.728,143.3583,-167.8563,294.3011,125.5134,-192.828,186.7432,225.0378,-202.7363,294.5212,209.93,-230.0205,185.1981,184.9118,-240.0838,274.8141,171.5325,-219.4586,181.0945,120.4514,-230.7192,184.7957,140.7438,-193.6449,177.937,208.1442,-208.6236,296.2732,193.4777,-233.0236,194.4299,138.7726,-240.6863,252.1239,129.9326
CU069,-234.8601,219.9849,113.7555,-237.1086,246.7024,109.4218,-92.871,190.4891,152.2687,-110.0465,307.535,139.4427,-151.8344,180.2698,144.968,-166.4753,308.3809,126.2668,-148.328,241.6858,110.7795,-180.7163,258.7734,252.9017,-228.5737,224.7872,147.9741,-233.0108,250.9773,144.7695,-216.3158,185.4253,148.7986,-229.3355,290.2547,131.8925,-146.2923,179.428,188.3678,-159.524,323.6394,167.8693,-217.4012,187.0862,161.2027,-230.129,291.9825,144.5929,-210.0589,186.0349,167.9489,-225.4264,296.7583,151.1496,-243.7175,238.4969,164.701,-71.4926,261.6908,203.4529,-240.7479,238.4416,155.3066,-234.9268,225.8389,102.279,-235.2809,237.2996,101.8004,-229.0789,201.8164,133.9245,-229.5658,201.7438,169.2586,-112.1581,244.4126,107.2777,-142.934,184.9139,142.6032,-158.6255,304.4702,123.993,-184.3517,192.2316,208.9163,-204.2475,305.8041,194.8221,-214.1908,193.7416,184.1354,-227.8843,293.6823,167.1923,-215.2533,187.8173,111.0811,-224.9344,191.8205,135.8824,-186.6357,190.3242,203.087,-208.1226,303.6822,188.8996,-229.5994,207.918,133.6622,-237.1405,264.418,124.6191
CU070,-239.826,213.2249,120.6527,-243.8578,239.8631,115.4421,-104.9303,201.5993,151.3928,-121.5104,303.5855,131.1579,-159.4236,176.9401,148.6606,-180.2646,305.9066,129.2537,-160.9495,239.1124,110.4598,-172.6593,251.9352,252.0346,-234.1811,219.2041,155.9749,-238.5861,246.3724,153.449,-220.8648,182.6599,150.8521,-236.6699,282.9903,137.0491,-139.1926,179.7052,184.9286,-168.9009,319.9797,165.763,-220.3251,184.4699,164.3723,-236.1769,285.9155,149.9329,-216.9792,181.786,168.9325,-232.6793,290.3204,153.2387,-247.3495,233.6077,171.8284,-79.1094,267.0315,196.6007,-244.8712,233.3288,163.179,-239.6524,219.0893,111.8089,-241.9625,231.3565,109.9596,-233.8522,202.3796,140.5231,-231.4741,196.0838,173.7878,-122.0933,244.1141,109.462,-152.8482,180.9131,144.612,-170.9864,303.8587,125.2331,-190.8309,188.0305,211.1004,-208.1224,304.0688,194.8341,-221.7824,189.9121,183.4727,-234.9642,285.7617,169.6125,-219.2988,184.3752,116.683,-228.1935,187.5813,141.8654,-192.5639,185.6098,199.4454,-208.5303,303.9894,184.7834,-232.7834,199.8644,140.247,-243.6665,259.7127,132.3512
CU078,-255.1823,204.7385,110.833,-257.6071,229.8173,107.9666,-119.4074,184.9894,151.6095,-136.2677,296.2628,137.2402,-174.4881,163.8485,145.4652,-192.8737,297.5198,126.4837,-176.607,228.1483,108.327,-204.1309,242.6688,249.9486,-254.5216,210.9878,148.5542,-257.1119,235.2984,145.4428,-242.82,171.7845,144.9566,-255.6431,272.9466,131.6167,-161.6836,166.8001,190.7063,-185.6756,312.5886,173.0338,-243.4779,173.1138,159.8092,-256.7598,275.8276,145.1165,-237.7886,171.7077,166.7757,-252.6825,280.3058,152.0712,-269.7962,223.8277,168.4267,-103.6592,250.3638,206.493,-267.3903,223.0001,159.1006,-254.9619,209.4404,102.6749,-256.6822,222.0154,100.7824,-252.5432,191.5138,132.0021,-256.0431,186.7384,168.5006,-138.7995,233.5794,109.4791,-167.3957,168.8489,140.6674,-184.8004,295.5532,126.0936,-209.0419,173.2414,210.227,-232.9214,295.1559,192.9069,-244.7648,179.2064,184.2142,-258.704,276.8332,167.5527,-233.4338,177.4715,111.9096,-248.1346,179.9365,133.3737,-216.9036,171.4635,197.2144,-236.5991,294.0121,184.6249,-252.5263,194.7169,132.3962,-259.0882,247.4453,123.7685
CU079,-261.9211,202.3527,114.1972,-266.3214,228.8137,108.736,-127.3092,178.0843,146.5558,-138.6898,286.2618,132.0017,-183.5489,164.7925,146.0581,-194.9588,288.9001,126.9432,-181.0053,223.7443,110.7751,-197.268,240.4091,244.3242,-259.7019,209.7295,151.3868,-260.4272,234.5051,147.502,-245.4681,174.1133,148.8748,-255.0936,270.279,134.4465,-182.5075,165.7022,183.825,-186.2376,300.28,158.5601,-247.2483,177.0597,163.0506,-255.9528,271.3733,147.4866,-243.2924,173.3135,167.0924,-254.862,275.4761,151.9174,-267.9829,224.0011,171.6869,-101.2103,242.6636,197.4881,-266.4692,222.9139,157.1222,-264.3871,208.9284,105.2628,-264.5891,221.3676,102.8321,-256.7605,190.7864,136.1978,-254.3298,188.1255,171.7494,-143.0811,226.2169,111.794,-176.3884,168.2933,143.559,-188.7947,286.2001,126.2605,-210.0141,181.9245,214.553,-221.0683,287.3135,201.4641,-246.5638,182.6868,184.8674,-254.7204,271.6906,171.9313,-242.6493,176.9163,117.1801,-252.5277,181.3665,137.5388,-219.0036,177.6136,198.1983,-229.3004,286.1494,180.7788,-256.8864,191.7778,136.2646,-262.074,247.1959,126.9188
CU077,-251.1156,203.8875,120.1699,-257.4991,226.805,115.9198,-112.1541,191.3188,147.4486,-143.5599,298.9132,136.1786,-165.8046,173.2617,145.113,-193.5448,290.6835,127.9195,-169.7342,231.0781,109.9123,-186.0357,245.1038,246.6444,-249.0642,210.4104,155.4739,-253.6373,231.0017,153.2511,-231.8627,174.9072,152.4954,-254.6802,267.4529,138.4982,-148.9942,178.1904,192.5098,-174.3133,309.5178,168.2566,-232.2977,177.2723,165.1337,-256.231,269.1427,152.6062,-227.6846,175.8793,171.3615,-252.8618,274.5836,158.3504,-262.7284,222.0303,174.7381,-93.5029,262.4123,201.6417,-258.1093,221.164,163.5921,-253.4587,208.8818,109.6554,-256.3552,219.6211,108.2219,-244.8282,192.4917,138.3793,-243.8244,188.4703,173.7914,-134.482,240.2439,111.9591,-158.8522,179.952,141.9604,-183.9703,287.42,126.3776,-193.0191,187.6731,215.9197,-221.5201,291.4196,202.6315,-231.127,185.3773,190.9907,-251.6781,271.3927,176.9218,-247.4847,258.6023,105.8241,-257.571,256.9879,129.8473,-196.6964,184.6641,208.6371,-226.4194,290.3077,189.5384,-244.8045,191.8822,138.2686,-257.4423,243.8616,130.0018
CU076,-252.2832,224.0731,116.4033,-257.0823,248.4804,112.7026,-125.2472,210.8116,151.4398,-142.2868,312.3669,133.3986,-174.7128,195.058,141.0435,-194.3749,306.7067,122.4013,-170.2726,252.9193,109.9124,-200.6006,267.9666,236.7572,-245.2939,233.3201,148.6337,-249.69,253.1407,147.1451,-235.4072,197.4096,146.9772,-251.4953,288.8207,133.6582,-155.1182,201.1372,207.1154,-170.0088,329.7286,180.8795,-235.5733,199.1475,159.9593,-250.0581,290.4898,145.017,-231.0785,197.4479,164.0134,-248.3843,294.2165,150.0157,-255.8658,244.374,164.3001,-106.559,275.5606,203.3844,-253.6422,243.1453,154.5631,-255.971,229.7916,107.5059,-257.6951,240.4097,106.276,-247.0378,212.5308,135.3743,-244.598,213.597,166.9028,-137.4729,257.2387,111.1125,-167.9748,199.1063,138.9435,-185.5805,304.8955,120.8369,-201.8439,211.4393,215.5663,-219.6119,309.6028,195.8089,-235.508,206.9344,185.1949,-249.7551,291.7607,169.8152,-235.8386,198.1559,116.7774,-243.4483,202.4996,137.4191,-205.209,207.9121,208.4819,-221.7391,309.5304,187.3319,-248.0413,215.5272,135.3844,-256.4807,264.8098,127.3948
CU018,-232.4616,224.7453,120.0096,-234.1042,249.4274,115.1953,-96.4192,203.9098,152.2315,-105.4893,304.3976,129.9928,-153.06,189.1169,144.5992,-163.7223,303.5281,124.5852,-146.5939,241.2991,106.0551,-164.2195,268.4311,236.2233,-223.4253,232.0374,148.7513,-224.8144,252.7684,145.5493,-213.6248,197.445,148.8317,-220.8213,287.1684,132.0204,-127.2178,194.035,191.1017,-131.1327,323.7585,169.6364,-213.4775,200.0134,161.1088,-221.0673,288.8075,145.8931,-209.8984,197.7915,167.6238,-217.6089,293.8597,149.6478,-231.4619,245.2271,167.7525,-70.0299,266.9362,193.035,-230.4885,243.3118,154.9193,-231.2521,227.9565,107.0069,-231.8738,239.974,105.3785,-223.985,217.7218,134.9463,-221.0238,212.456,168.2908,-111.1741,245.5467,105.4177,-144.8158,192.5883,140.1994,-153.8834,299.8177,121.1012,-170.9673,207.3572,216.2699,-181.3654,311.7634,192.4285,-212.994,205.7074,180.0199,-218.5723,292.2797,165.5446,-212.0363,196.0099,119.6208,-220.6885,202.7027,138.3314,-181.9916,201.8001,198.8969,-186.5968,310.3234,179.9386,-224.0233,215.532,134.6456,-227.5986,262.6353,126.1928
CU021,-221.8722,236.5818,117.4288,-221.3062,262.1158,114.2584,-90.2937,189.8975,147.1513,-85.9738,302.6703,129.2791,-147.8671,182.8999,143.0496,-144.3174,313.9436,123.6174,-139.4477,243.9105,105.4851,-145.9776,263.3119,250.6545,-217.0863,244.4682,153.7381,-216.733,263.3994,150.5223,-210.8327,208.5894,148.5255,-207.7804,296.2148,135.4095,-113.9791,178.4488,196.0973,-110.5406,330.3808,179.9479,-210.5904,210.0596,161.5379,-207.4365,299.5384,147.871,-208.8522,207.1609,166.6458,-205.5116,303.4344,152.1933,-226.3209,256.6458,168.5443,-56.4608,252.0298,180.9084,-223.4256,256.0085,159.8287,-220.9939,241.7056,108.5864,-221.0855,254.1934,106.5595,-218.1618,231.4619,136.2992,-217.9983,223.3238,170.7677,-106.235,243.5953,100.3202,-140.9354,186.2151,139.3288,-135.3169,308.8125,120.6577,-171.0402,202.0832,217.3123,-166.6715,318.7756,203.1535,-211.4977,214.1208,180.0918,-207.4877,300.7885,169.8786,-205.735,210.8819,115.7581,-217.6829,219.0032,137.049,-178.775,199.8185,201.0985,-170.7585,318.7765,190.2493,-218.0856,229.6025,135.6254,-215.955,275.4506,128.781
CU020,-276.0048,216.0866,122.3844,-276.0882,242.9848,117.9141,-142.456,177.6935,156.1472,-140.671,284.3775,144.5824,-198.1087,169.6122,149.0755,-200.4413,294.6621,132.5148,-189.1753,228.0719,112.9828,-209.3153,247.383,248.4787,-267.9168,221.9854,157.2721,-268.8277,246.5859,153.3063,-260.5052,181.1345,156.0261,-261.712,285.3536,141.6882,-178.6364,169.2479,197.2092,-173.8614,308.3484,173.6208,-260.0381,183.0933,168.6714,-261.2557,286.134,154.76,-256.4333,181.767,173.3647,-257.8807,289.5817,158.3058,-279.2736,236.506,177.6976,-108.2867,236.9046,201.5186,-276.0264,235.2746,165.3475,-277.0423,222.3362,114.2575,-276.8897,235.8791,112.3121,-272.174,202.7025,144.4482,-269.6922,197.8223,177.6663,-154.582,228.6165,111.5058,-190.0282,172.2409,147.9537,-191.9765,290.0931,131.3407,-219.1253,192.5952,230.1778,-223.3619,296.0856,214.262,-260.5704,190.7896,191.3835,-262.2068,285.739,177.5862,-260.627,184.5581,119.4407,-269.9791,189.7915,144.5282,-221.4698,185.8323,221.2317,-225.5833,298.5237,205.4261,-271.9916,205.1432,144.2574,-273.597,259.3554,136.2505
CU023,-219.1096,239.4615,121.6993,-218.8788,266.0762,118.6938,-99.5852,199.8027,136.871,-93.7932,304.0851,120.9694,-151.9503,194.1323,139.8933,-149.1544,313.4846,120.908,-145.8057,251.0294,112.4161,-147.232,272.5708,233.1609,-214.3129,246.5537,154.1917,-211.6881,267.9409,148.864,-208.9142,212.9634,154.0637,-205.3918,300.6605,138.7735,-135.0076,187.9879,177.2081,-130.7375,332.2083,155.8348,-210.4475,216.0163,165.6698,-206.0778,300.7704,149.1023,-206.8307,211.5994,169.2672,-204.3844,305.7998,153.0711,-220.3661,260.053,169.3822,-65.7213,260.5605,182.0325,-220.3389,259.6112,161.1859,-221.0937,245.4731,112.7167,-220.4891,257.3553,110.7731,-215.0325,227.0652,140.0584,-215.1909,229.9451,172.1102,-109.3526,248.7771,105.7495,-146.0134,196.4956,137.0068,-140.8097,309.7863,118.4901,-176.9348,210.809,203.2103,-170.3374,318.4771,190.0757,-206.5741,219.8063,182.7987,-204.1769,304.0185,166.7646,-204.5596,215.4377,123.4929,-213.9135,220.2607,141.5729,-179.9886,208.3046,194.7947,-173.5621,318.2627,181.526,-215.0555,229.3795,139.6447,-213.406,280.6422,129.5123
CU024,-256.9791,236.8531,118.661,-255.5071,261.265,115.3875,-134.6461,200.5107,151.9487,-129.4156,298.8061,137.677,-186.3708,189.0875,145.5564,-184.29,309.2547,127.0446,-179.5365,246.6762,117.5209,-195.8929,266.2473,243.2114,-253.8286,244.442,151.0236,-252.9471,263.3627,147.6515,-246.7487,205.8033,149.9223,-243.5739,299.1469,135.7064,-174.2215,184.373,187.2364,-167.5515,325.3831,168.1835,-246.5294,207.3214,160.3754,-243.5603,301.3747,146.5047,-243.9042,203.7065,164.208,-241.316,305.2184,149.1176,-260.9247,256.086,168.3595,-107.1917,254.0923,193.9064,-259.6696,255.3046,158.2899,-256.2491,242.7014,109.693,-255.126,253.1025,108.2001,-251.2392,226.1224,135.9494,-254.0519,222.1253,170.5455,-145.4082,245.8038,109.4416,-178.5037,191.1039,143.4247,-174.5814,307.0041,126.7231,-214.8412,199.3602,203.0655,-209.912,319.0738,184.3066,-246.5995,211.7691,177.8256,-243.1075,303.0397,166.8601,-241.4083,209.0856,117.5491,-250.9578,216.2062,137.134,-222.5081,200.578,189.5909,-215.2,316.3751,176.448,-250.8214,223.3906,135.6836,-251.6034,274.7596,129.2024
